custateomer,state,gender,education,custateomer_lifetime_value,income,monthly_premium_auto,number_of_open_complaints,policy_type,vehicle_class,total_claim_amount,customer_lifetime_value_%
RB50392,Washington,F,master,251459.20%,0,1000,1/0/00,Personal Auto,four-door car,2,
QZ44356,Arizona,F,bachelor,697953.59%,0,94,1/0/00,Personal Auto,four-door car,1131,
AI49188,Nevada,F,bachelor,1288743.17%,48767,108,1/0/00,Personal Auto,two-door car,566,
WW63253,California,M,bachelor,764586.18%,0,106,1/0/00,Corporate Auto,suv,529,
GA49547,Washington,M,high school or below,536307.65%,36357,68,1/0/00,Personal Auto,four-door car,17,
OC83172,Oregon,F,bachelor,825629.78%,62902,69,1/0/00,Personal Auto,two-door car,159,
XZ87318,Oregon,F,college,538089.86%,55350,67,1/0/00,Corporate Auto,four-door car,321,
CF85061,Arizona,M,master,721610.03%,0,101,1/0/00,Corporate Auto,four-door car,363,
DY87989,Oregon,M,bachelor,2412750.40%,14072,71,1/0/00,Corporate Auto,four-door car,511,
BQ94931,Oregon,F,college,738817.81%,28812,93,1/0/00,Special Auto,four-door car,425,
SX51350,California,M,college,473899.20%,0,67,1/0/00,Personal Auto,four-door car,482,
VQ65197,California,F,college,819719.71%,0,110,1/0/00,Personal Auto,suv,528,
DP39365,California,F,master,879879.70%,77026,110,1/2/00,Corporate Auto,four-door car,472,
SJ95423,Arizona,F,high school or below,881901.89%,99845,110,1/1/00,Corporate Auto,suv,528,
IL66569,California,F,college,538443.17%,83689,70,1/2/00,Corporate Auto,four-door car,307,
BW63560,Oregon,F,bachelor,746313.94%,24599,64,1/1/00,Corporate Auto,four-door car,42,
FV94802,Nevada,F,high school or below,256686.78%,25049,67,1/0/00,Personal Auto,two-door car,454,
OE15005,California,F,college,394524.16%,28855,101,1/0/00,Personal Auto,suv,647,
WC83389,Oregon,F,college,571033.31%,51148,72,1/0/00,Personal Auto,four-door car,308,
FL50705,California,F,high school or below,816261.71%,66140,101,1/0/00,Corporate Auto,four-door car,484,
ZK25313,Oregon,F,high school or below,287205.13%,57749,74,1/0/00,Personal Auto,two-door car,355,
QK46697,Washington,M,Bachelor,617710.93%,61040,79,1/1/00,Personal Auto,two-door car,20,
YH23384,Arizona,F,bachelor,2412750.40%,14072,71,1/0/00,Personal Auto,four-door car,511,
TZ98966,Nevada,F,bachelor,245019.10%,0,73,1/3/00,Corporate Auto,four-door car,554,
HM55802,California,F,bachelor,239210.79%,17870,61,1/0/00,Corporate Auto,four-door car,439,
FS42516,Oregon,F,college,580206.60%,97541,72,1/0/00,Personal Auto,four-door car,389,
US89481,California,F,bachelor,394637.21%,0,111,1/0/00,Personal Auto,four-door car,799,
HS14476,Washington,M,college,916206.32%,29723,80,1/0/00,Personal Auto,four-door car,20,
GE62437,Arizona,F,college,1290256.01%,86584,111,1/2/00,Personal Auto,four-door car,532,
EJ77678,Oregon,F,master,323536.05%,75690,80,1/1/00,Personal Auto,four-door car,384,
SV85652,Arizona,F,college,245458.35%,23158,63,1/1/00,Personal Auto,four-door car,322,
UL64533,Nevada,F,high school or below,1897545.61%,65999,237,1/0/00,Corporate Auto,Luxury,615,
PF41800,California,F,bachelor,471532.13%,0,65,1/0/00,Personal Auto,four-door car,308,
HD95276,Washington,F,college,473787.17%,0,130,1/0/00,Personal Auto,suv,23,
SK67821,Oregon,F,bachelor,493291.63%,37260,62,1/0/00,Corporate Auto,four-door car,15,
YV55495,Arizona,F,high school or below,574422.97%,68987,71,1/0/00,Personal Auto,four-door car,204,
KY38074,California,F,bachelor,1389173.57%,42305,117,1/0/00,Personal Auto,four-door car,561,
DM79012,Oregon,F,master,738097.67%,65706,91,1/0/00,Personal Auto,four-door car,436,
CM61827,Oregon,F,bachelor,309003.41%,0,90,1/0/00,Personal Auto,two-door car,648,
WC35801,Arizona,F,high school or below,252163.31%,53243,66,1/2/00,Personal Auto,four-door car,157,
QG25316,Nevada,F,high school or below,265206.18%,0,70,1/1/00,Corporate Auto,two-door car,484,
MB98372,Oregon,F,college,277104.50%,50071,71,1/0/00,Corporate Auto,two-door car,18,
IL19217,California,F,bachelor,393900.64%,60021,99,1/0/00,Personal Auto,four-door car,882,
SR38658,Arizona,F,high school or below,1223187.97%,43244,103,1/0/00,Personal Auto,Luxury,494,
YD87931,Washington,M,doctor,495165.61%,46896,35354,1/1/00,Personal Auto,four-door car,31,
HG65722,Oregon,F,doctor,1281910.29%,10105,172,1/3/00,Personal Auto,suv,0,
BU27331,Arizona,F,bachelor,446851.05%,0,73,1/3/00,Personal Auto,four-door car,579,
XM45289,Oregon,F,high school or below,551434.40%,23218,71,1/0/00,Personal Auto,two-door car,447,
KP34198,California,F,bachelor,334387.53%,0,92,1/0/00,Corporate Auto,four-door car,529,
SH90947,Arizona,F,high school or below,229447.89%,0,62,1/0/00,Personal Auto,four-door car,313,
WE95729,Oregon,F,college,3670742.64%,24804,104,1/0/00,Personal Auto,suv,593,
PY51963,California,F,bachelor,3347334.95%,33190,106,1/0/00,Corporate Auto,suv,508,
RB69909,Nevada,F,high school or below,798343.17%,36014,69,1/3/00,Special Auto,four-door car,173,
NW21079,Washington,F,master,487938.48%,67163,61,1/2/00,Personal Auto,two-door car,33,
FR46645,California,F,bachelor,429399.73%,16701,113,1/0/00,Personal Auto,four-door car,831,
SY17488,Arizona,F,college,716439.55%,46623,91,1/0/00,Corporate Auto,four-door car,436,
AP67935,California,F,college,761951.58%,64749,64,1/0/00,Special Auto,four-door car,302,
FS37417,Arizona,F,high school or below,395800.28%,0,101,1/0/00,Personal Auto,suv,484,
ML29312,Oregon,F,high school or below,449949.33%,16969,124,1/2/00,Personal Auto,suv,704,
UB61619,Oregon,F,master,405956.74%,11621,108,1/0/00,Personal Auto,four-door car,518,
CD86811,Arizona,F,bachelor,445811.34%,17622,65,1/1/00,Personal Auto,four-door car,312,
RU83859,California,F,bachelor,811033.31%,11489,105,1/0/00,Personal Auto,two-door car,504,
FG63582,Oregon,F,bachelor,333976.49%,0,94,1/0/00,Personal Auto,two-door car,863,
NN71951,California,F,high school or below,2426101.78%,66525,100,1/0/00,Personal Auto,suv,104,
WB37082,Arizona,F,bachelor,661397.37%,0,63,1/0/00,Personal Auto,four-door car,676,
SM52139,Washington,F,college,293069.35%,33663,73,1/0/00,Personal Auto,four-door car,350,
FL82372,Oregon,F,college,867219.43%,22547,112,1/0/00,Corporate Auto,suv,537,
DP45816,Arizona,F,high school or below,1163866.93%,61486,97,1/0/00,Personal Auto,two-door car,465,
GW33762,Oregon,F,bachelor,684615.03%,0,95,1/0/00,Personal Auto,two-door car,456,
RZ33670,California,F,college,1172777.65%,29879,102,1/0/00,Personal Auto,four-door car,500,
PY70169,Oregon,F,high school or below,2264383.48%,93011,113,1/0/00,Personal Auto,suv,281,
MO91628,Oregon,F,master,261447.43%,65186,65,1/0/00,Personal Auto,two-door car,5,
HW87852,Oregon,F,master,245175.27%,26840,64,1/2/00,Personal Auto,four-door car,307,
HB20453,Oregon,F,bachelor,678127.02%,0,104,1/1/00,Personal Auto,Luxury,982,
BN87372,Oregon,F,bachelor,497480.15%,75644,65,1/3/00,Personal Auto,two-door car,467,
YX23800,Oregon,F,bachelor,859160.49%,38984,73,1/0/00,Personal Auto,four-door car,350,
DZ87709,Oregon,F,high school or below,559216.14%,71811,71,1/0/00,Personal Auto,four-door car,29,
XW13033,Nevada,F,college,800947.28%,20961,67,1/0/00,Personal Auto,four-door car,321,
SP81997,Washington,F,master,251459.20%,41275,96,1/0/00,Personal Auto,four-door car,41,
OM82309,California,F,bachelor,5816655.35%,61321,186,1/1/00,Personal Auto,Luxury,427,
ZU35962,California,F,college,802522.94%,0,77,1/0/00,Personal Auto,two-door car,25,
VH85817,California,F,high school or below,578018.22%,51066,74,1/0/00,Personal Auto,four-door car,787,
DT85712,California,F,doctor,411853.91%,34378,102,1/0/00,Personal Auto,suv,489,
YJ88573,Nevada,F,master,252307.02%,43072,63,1/0/00,Personal Auto,four-door car,302,
SQ19467,Oregon,F,college,655421.64%,25222,90,1/0/00,Personal Auto,four-door car,475,
YB66933,Washington,F,bachelor,538275.20%,77552,68,1/1/00,Corporate Auto,four-door car,45,
ET79815,California,F,college,592672.94%,23091,96,1/5/00,Personal Auto,four-door car,460,
QC35222,California,F,bachelor,268347.07%,48269,69,1/3/00,Corporate Auto,four-door car,282,
CJ15590,Oregon,F,bachelor,269518.24%,32720,67,1/0/00,Personal Auto,four-door car,321,
OI48267,California,F,college,604702.52%,20396,76,1/1/00,Personal Auto,four-door car,364,
JY67916,Oregon,F,college,1317101.28%,21513,119,1/1/00,Personal Auto,two-door car,679,
OW15518,Washington,F,college,1595001.95%,0,87,1/1/00,Personal Auto,two-door car,46,
CZ33664,Oregon,F,bachelor,252765.38%,80744,63,1/0/00,Corporate Auto,four-door car,11,
WK30175,Oregon,F,bachelor,267209.58%,52822,67,1/0/00,Corporate Auto,two-door car,350,
ON44465,California,F,high school or below,531329.40%,0,77,1/1/00,Personal Auto,four-door car,863,
TV87155,Oregon,F,bachelor,2094619.25%,69738,74,1/1/00,Personal Auto,four-door car,492,
KH48895,Arizona,F,master,837535.39%,17780,109,1/0/00,Personal Auto,suv,132,
NZ30757,California,F,bachelor,480166.15%,18107,62,1/0/00,Personal Auto,four-door car,297,
RI22468,Arizona,F,bachelor,574594.33%,57740,74,1/3/00,Personal Auto,four-door car,269,
FZ30935,Oregon,F,college,606611.60%,32627,76,1/0/00,Personal Auto,two-door car,380,
UG93476,California,F,college,800230.83%,0,107,1/0/00,Personal Auto,suv,513,
AB96670,California,F,college,239391.54%,0,70,1/0/00,Personal Auto,four-door car,425,
XK64261,Oregon,F,bachelor,476281.79%,65795,62,1/1/00,Corporate Auto,two-door car,49,
EV68375,California,F,college,433038.60%,60475,107,1/0/00,Personal Auto,four-door car,513,
UN51653,California,F,high school or below,940272.98%,0,130,1/0/00,Personal Auto,suv,936,
TO96662,Oregon,F,bachelor,696669.45%,41837,88,1/0/00,Personal Auto,four-door car,142,
MR52087,California,F,bachelor,769406.43%,32303,65,1/0/00,Personal Auto,four-door car,45,
DE75225,Oregon,F,high school or below,871756.11%,0,117,1/1/00,Personal Auto,suv,561,
EP80820,California,F,bachelor,592874.85%,40531,74,1/0/00,Personal Auto,two-door car,30,
GU99037,Oregon,F,college,245297.73%,79898,62,1/1/00,Corporate Auto,four-door car,271,
WI57118,California,F,college,670157.17%,56398,85,1/0/00,Personal Auto,four-door car,408,
GP39118,Washington,M,high school or below,499655.27%,71600,63,1/0/00,Personal Auto,two-door car,46,
MQ14219,Arizona,F,college,849269.88%,27804,109,1/0/00,Personal Auto,suv,784,
KN20603,Oregon,F,bachelor,771349.40%,45506,66,1/2/00,Personal Auto,four-door car,316,
SG20925,Washington,F,master,518579.76%,99428,6464,1/1/00,Personal Auto,four-door car,48,
JI70886,California,F,high school or below,729006.98%,0,102,1/1/00,Corporate Auto,suv,489,
VF72557,Oregon,F,high school or below,477294.38%,20993,133,1/0/00,Personal Auto,suv,638,
OX28638,Arizona,F,high school or below,680649.14%,37839,86,1/0/00,Personal Auto,two-door car,465,
SK55033,California,F,bachelor,246978.13%,92711,62,1/0/00,Personal Auto,two-door car,368,
OO88645,California,F,college,310392.30%,74665,78,1/2/00,Corporate Auto,four-door car,236,
FM14335,Washington,F,college,1048491.54%,61108,89,1/0/00,Personal Auto,four-door car,49,
CW82151,California,F,bachelor,890273.76%,46833,112,1/0/00,Personal Auto,Luxury,64,
DY22043,Oregon,F,high school or below,549944.72%,88768,68,1/0/00,Personal Auto,two-door car,326,
SH36774,California,F,high school or below,1502359.86%,28262,192,1/0/00,Personal Auto,Luxury,921,
EM43724,Nevada,F,bachelor,250910.79%,33555,63,1/0/00,Personal Auto,four-door car,101,
FH85960,Oregon,F,college,3122174.81%,42780,113,1/1/00,Personal Auto,four-door car,542,
XA55993,Oregon,F,master,313350.34%,58850,78,1/0/00,Personal Auto,four-door car,143,
GO36627,Arizona,F,college,383745.19%,21880,97,1/0/00,Special Auto,four-door car,424,
QH48047,Oregon,F,college,1179049.62%,25251,66,1/0/00,Personal Auto,four-door car,316,
HS28694,Washington,F,high school or below,282986.39%,25317,71,1/0/00,Personal Auto,two-door car,50,
UH65059,Arizona,F,high school or below,430580.83%,24188,109,1/0/00,Personal Auto,Luxury,523,
FV21968,Nevada,F,bachelor,597397.69%,41611,74,1/0/00,Special Auto,four-door car,113,
QA87025,Oregon,F,bachelor,567044.24%,28406,72,1/1/00,Personal Auto,four-door car,192,
TQ13499,Arizona,F,college,473174.93%,69833,118,1/0/00,Personal Auto,four-door car,828,
BU44523,Arizona,F,high school or below,802637.96%,0,74,1/0/00,Corporate Auto,four-door car,532,
MS41162,Arizona,F,high school or below,402296.35%,0,117,1/0/00,Personal Auto,suv,975,
PU25891,Oregon,F,high school or below,961831.09%,80536,119,1/0/00,Special Auto,Luxury,53,
LH92841,Washington,F,Bachelor,725595.38%,88891,89,1/0/00,Personal Auto,four-door car,50,
SX26335,Oregon,F,college,955292.69%,97732,79,1/0/00,Personal Auto,four-door car,289,
AZ95587,Arizona,F,bachelor,1038855.32%,61222,89,1/0/00,Special Auto,four-door car,392,
DS81757,Oregon,M,college,247012.12%,0,74,1/0/00,Personal Auto,two-door car,721,
OJ94107,Arizona,M,master,561906.85%,50335,140,1/0/00,Personal Auto,suv,456,
LP84436,California,F,high school or below,904711.92%,0,127,1/0/00,Personal Auto,Luxury,1087,
FF22360,Washington,F,doctor,268731.41%,82210,68,1/4/00,Personal Auto,four-door car,51,
LM19287,Oregon,F,high school or below,373150.46%,0,96,1/0/00,Personal Auto,four-door car,460,
ZU18643,Nevada,M,bachelor,366077.03%,64495,92,1/0/00,Corporate Auto,four-door car,251,
AZ82578,California,F,college,792882.93%,0,72,1/0/00,Corporate Auto,four-door car,345,
XC67861,Arizona,F,bachelor,501175.16%,28859,67,1/3/00,Corporate Auto,two-door car,321,
YC43143,Arizona,F,high school or below,798825.83%,77330,99,1/0/00,Personal Auto,four-door car,99,
EK59571,Oregon,M,college,388545.64%,0,105,1/0/00,Corporate Auto,four-door car,504,
PA38372,Washington,F,high school or below,935773.78%,33060,117,1/0/00,Personal Auto,four-door car,56,
RO18530,Washington,M,master,254068.98%,42557,65,1/0/00,Personal Auto,four-door car,57,
PD27940,Arizona,M,high school or below,488516.25%,26372,126,1/0/00,Personal Auto,suv,604,
BS77946,Arizona,F,bachelor,975330.71%,17514,127,1/0/00,Personal Auto,suv,8,
YM50253,California,F,bachelor,294615.37%,89270,74,1/0/00,Personal Auto,four-door car,316,
NR15332,California,M,high school or below,258111.09%,29757,65,1/0/00,Personal Auto,four-door car,312,
RC62865,Oregon,M,college,351738.58%,51814,92,1/0/00,Personal Auto,four-door car,56,
CC15295,Oregon,F,bachelor,974335.01%,24028,82,1/0/00,Personal Auto,four-door car,393,
KA61892,Arizona,M,college,387364.70%,28142,105,1/0/00,Personal Auto,Luxury,701,
OS94884,Arizona,F,bachelor,764928.20%,52705,64,1/1/00,Personal Auto,two-door car,128,
ND87334,California,M,high school or below,228759.69%,0,63,1/0/00,Corporate Auto,two-door car,679,
OY51402,Washington,F,high school or below,825576.39%,54040,103,1/0/00,Personal Auto,suv,59,
YL74911,California,F,college,871492.21%,0,118,1/0/00,Personal Auto,suv,566,
GK92563,Washington,F,doctor,681923.12%,22492,85,1/0/00,Personal Auto,two-door car,61,
HL53154,California,M,bachelor,741619.73%,0,77,1/2/00,Personal Auto,four-door car,554,
RI78966,Oregon,M,master,777115.90%,21876,68,1/0/00,Personal Auto,four-door car,465,
IC13702,California,F,bachelor,696834.19%,0,69,1/1/00,Personal Auto,four-door car,496,
BE10809,California,F,high school or below,425028.26%,0,61,1/1/00,Personal Auto,four-door car,292,
HT87217,Oregon,F,high school or below,1977656.65%,70699,82,1/0/00,Personal Auto,four-door car,256,
TH95618,California,F,high school or below,2134346.60%,0,74,1/1/00,Personal Auto,four-door car,355,
TS19868,California,M,college,241313.97%,27501,63,1/0/00,Personal Auto,four-door car,542,
LP45550,Oregon,F,doctor,1536384.72%,15897,101,1/0/00,Personal Auto,four-door car,303,
QR87004,Nevada,F,college,845696.19%,25141,73,1/1/00,Personal Auto,four-door car,25,
OE75747,Nevada,F,college,218964.25%,0,61,1/3/00,Personal Auto,four-door car,292,
DX91392,California,M,high school or below,578018.22%,51066,74,1/0/00,Personal Auto,four-door car,787,
AB72731,California,F,bachelor,463998.16%,28358,117,1/0/00,Personal Auto,Luxury,84,
GX84338,Washington,F,doctor,382443.13%,62530,95,1/0/00,Personal Auto,four-door car,61,
IS12901,Arizona,F,bachelor,596811.89%,90972,74,1/0/00,Personal Auto,two-door car,232,
BN90616,Washington,F,bachelor,859033.50%,63110,72,1/0/00,Personal Auto,four-door car,68,
HH90090,California,F,bachelor,407663.47%,29549,104,1/0/00,Personal Auto,Luxury,710,
IU25463,California,F,bachelor,1225260.18%,0,115,1/1/00,Personal Auto,four-door car,552,
KC11055,Nevada,F,bachelor,1693627.15%,39411,217,1/2/00,Personal Auto,Luxury,1122,
PD33979,Oregon,M,high school or below,489243.55%,21709,62,1/0/00,Personal Auto,four-door car,408,
NK71023,Nevada,M,bachelor,994230.48%,67890,85,1/0/00,Personal Auto,four-door car,408,
AB13432,California,M,bachelor,373583.81%,0,110,1/0/00,Personal Auto,suv,792,
OZ97704,California,F,high school or below,1311752.22%,84311,111,1/4/00,Personal Auto,suv,532,
UF46533,California,F,college,457452.41%,99316,114,1/0/00,Corporate Auto,suv,754,
XP47431,Arizona,F,bachelor,547006.06%,54507,138,1/0/00,Personal Auto,suv,702,
GK73582,California,F,bachelor,297884.60%,64586,76,1/0/00,Personal Auto,four-door car,206,
RV98763,Oregon,M,college,641096.75%,61709,82,1/2/00,Personal Auto,four-door car,275,
II62831,California,M,master,447902.31%,94656,111,1/1/00,Special Auto,suv,459,
XK33449,California,F,high school or below,238373.19%,0,69,1/0/00,Special Auto,two-door car,496,
TR85083,California,M,bachelor,276449.37%,61085,70,1/1/00,Personal Auto,two-door car,336,
EO95328,Oregon,F,bachelor,792010.54%,89284,67,1/3/00,Personal Auto,two-door car,321,
EN21086,Arizona,F,high school or below,688909.80%,0,63,1/0/00,Personal Auto,four-door car,302,
YL83902,Washington,F,bachelor,327419.46%,31686,81,1/0/00,Personal Auto,four-door car,430,
AZ62651,Oregon,M,high school or below,995170.77%,56855,255,1/0/00,Corporate Auto,Luxury,1836,
ZW25874,Oregon,M,bachelor,252155.57%,53703,67,1/2/00,Special Auto,four-door car,67,
EH41854,Washington,F,high school or below,2370611.34%,0,96,1/1/00,Personal Auto,two-door car,844,
MW70227,California,M,college,604702.52%,20396,76,1/1/00,Personal Auto,four-door car,364,
SL22297,California,F,master,1114030.25%,27679,150,1/0/00,Personal Auto,suv,722,
RV14138,Nevada,F,bachelor,433406.41%,23904,123,1/3/00,Personal Auto,suv,590,
UO62808,Arizona,F,high school or below,279974.79%,65351,69,1/0/00,Corporate Auto,four-door car,481,
ZX64745,California,M,college,792313.66%,0,113,1/0/00,Personal Auto,suv,1124,
FL34139,California,M,high school or below,368811.09%,0,63,1/3/00,Personal Auto,four-door car,669,
TS11219,California,M,college,1206745.60%,0,116,1/0/00,Personal Auto,suv,1284,
XX12304,California,F,college,292497.67%,64459,72,1/0/00,Personal Auto,four-door car,240,
SD64087,California,M,college,1501409.27%,32961,190,1/0/00,Corporate Auto,suv,912,
OY38576,Oregon,F,high school or below,927723.38%,71416,116,1/0/00,Corporate Auto,suv,556,
BG76355,Washington,F,bachelor,627412.39%,68964,78,1/0/00,Personal Auto,four-door car,115,
IP66913,California,M,high school or below,388664.74%,78108,98,1/0/00,Personal Auto,two-door car,470,
LE95702,California,M,college,438627.76%,10621,67,1/0/00,Special Auto,four-door car,321,
KX54357,Washington,M,college,1136526.77%,84910,95,1/0/00,Corporate Auto,two-door car,383,
EZ78112,California,F,high school or below,561096.43%,77493,70,1/0/00,Special Auto,four-door car,307,
XN16891,Arizona,M,college,291289.20%,81097,74,1/0/00,Personal Auto,four-door car,355,
XK31350,Oregon,F,college,691572.99%,96610,85,1/0/00,Corporate Auto,four-door car,520,
CC30924,Oregon,M,college,626266.33%,30110,159,1/0/00,Corporate Auto,Luxury,466,
IT78748,Oregon,F,high school or below,650339.70%,22081,84,1/0/00,Special Auto,two-door car,451,
KY33386,Washington,F,high school or below,800739.94%,0,112,1/0/00,Personal Auto,Luxury,537,
CO44221,California,M,college,292991.65%,98473,72,1/0/00,Personal Auto,four-door car,345,
LK60013,Oregon,F,bachelor,596955.30%,97431,74,1/0/00,Personal Auto,four-door car,355,
DE21533,California,M,bachelor,547315.99%,93870,69,1/0/00,Personal Auto,four-door car,331,
YS94121,Nevada,M,high school or below,564539.67%,50366,72,1/0/00,Personal Auto,four-door car,428,
UK68427,Washington,M,high school or below,636926.24%,34498,83,1/0/00,Personal Auto,two-door car,398,
TE49565,Oregon,F,college,1183376.73%,16552,103,1/0/00,Personal Auto,suv,494,
RA88421,Oregon,F,college,612110.79%,26787,77,1/0/00,Personal Auto,four-door car,369,
KQ51983,Nevada,M,college,515936.97%,0,74,1/0/00,Personal Auto,two-door car,831,
CD88896,Nevada,F,high school or below,251459.20%,43860,65,1/0/00,Corporate Auto,four-door car,156,
YV22553,Arizona,M,high school or below,866861.13%,21474,114,1/2/00,Corporate Auto,suv,373,
WU14435,California,M,bachelor,496096.54%,18174,66,1/0/00,Corporate Auto,four-door car,395,
XV84099,Arizona,F,bachelor,550413.90%,0,73,1/0/00,Corporate Auto,four-door car,350,
RI24911,Arizona,M,college,750745.54%,60920,64,1/0/00,Personal Auto,two-door car,231,
KO26461,Arizona,M,high school or below,3226985.14%,41520,90,1/0/00,Personal Auto,four-door car,289,
HI14283,Oregon,F,bachelor,565703.16%,0,152,1/0/00,Personal Auto,suv,729,
PT50227,Arizona,M,high school or below,506175.79%,0,68,1/0/00,Personal Auto,two-door car,326,
BH36570,California,M,bachelor,591278.38%,72208,73,1/0/00,Personal Auto,two-door car,350,
TX17484,California,F,bachelor,1518227.98%,53863,63,1/0/00,Personal Auto,four-door car,105,
CT41158,Washington,M,college,1074703.09%,66446,136,1/0/00,Corporate Auto,suv,639,
AO87348,Washington,M,college,205062.35%,0,61,1/0/00,Personal Auto,four-door car,292,
DE55857,Washington,F,bachelor,246544.49%,64997,63,1/1/00,Personal Auto,four-door car,383,
LF66923,Nevada,F,high school or below,534312.13%,64460,66,1/0/00,Corporate Auto,two-door car,316,
CN24514,Arizona,F,college,811982.91%,46618,67,1/0/00,Personal Auto,four-door car,99,
UW32074,Oregon,F,college,460526.52%,0,64,1/0/00,Corporate Auto,four-door car,307,
HP36979,California,M,college,640878.56%,49988,84,1/5/00,Personal Auto,two-door car,566,
PP40919,California,F,college,237653.35%,0,91,1/5/00,Personal Auto,two-door car,436,
RO73268,California,M,bachelor,321107.00%,16269,86,1/0/00,Corporate Auto,two-door car,412,
HO61691,Arizona,F,bachelor,509452.23%,72006,64,1/0/00,Personal Auto,four-door car,307,
BS13062,Arizona,F,high school or below,2575527.82%,0,81,1/2/00,Personal Auto,four-door car,388,
FO35655,Oregon,M,bachelor,867222.97%,0,245,1/0/00,Corporate Auto,Luxury,2345,
HR10526,California,M,master,804473.07%,44320,67,1/0/00,Personal Auto,four-door car,321,
IA63417,Arizona,F,high school or below,400151.91%,19782,108,1/0/00,Personal Auto,two-door car,773,
BH35016,Nevada,F,bachelor,1670611.70%,63933,70,1/0/00,Personal Auto,two-door car,424,
PK52952,Arizona,M,doctor,854441.11%,28224,109,1/0/00,Personal Auto,suv,523,
OD76309,Washington,F,college,780531.29%,21073,106,1/1/00,Personal Auto,suv,508,
IL28481,Oregon,M,bachelor,611275.69%,63243,77,1/0/00,Personal Auto,four-door car,364,
GY55092,Nevada,M,high school or below,477294.38%,20993,133,1/0/00,Personal Auto,suv,638,
UF33451,Oregon,F,bachelor,1097909.56%,94827,135,1/0/00,Personal Auto,suv,354,
CF15558,California,F,master,500426.38%,39161,63,1/1/00,Personal Auto,two-door car,283,
JM62924,Washington,M,bachelor,1322304.38%,37534,84,1/2/00,Personal Auto,four-door car,403,
EM66435,Oregon,F,bachelor,262331.54%,80210,65,1/0/00,Corporate Auto,four-door car,20,
QX45933,California,M,bachelor,1784019.56%,0,62,1/0/00,Personal Auto,four-door car,385,
JI71369,California,F,college,510611.18%,30110,64,1/0/00,Personal Auto,four-door car,140,
JU93290,Arizona,F,college,1793060.45%,21708,68,1/0/00,Personal Auto,four-door car,326,
GU66096,Arizona,M,high school or below,545734.26%,94731,67,1/0/00,Personal Auto,four-door car,321,
UC33108,California,M,bachelor,656364.41%,32375,83,1/0/00,Personal Auto,four-door car,398,
LW93867,Oregon,M,college,481252.52%,16531,63,1/0/00,Corporate Auto,four-door car,102,
OU78470,Arizona,F,master,2932804.19%,32006,94,1/0/00,Corporate Auto,four-door car,56,
XW90265,Arizona,F,bachelor,577352.07%,81676,72,1/0/00,Personal Auto,two-door car,463,
HS67749,California,M,college,684711.89%,71038,86,1/0/00,Corporate Auto,four-door car,205,
VZ51506,Arizona,F,high school or below,359531.29%,0,103,1/0/00,Corporate Auto,Luxury,741,
UI64281,Nevada,F,master,2285561.21%,20832,65,1/0/00,Personal Auto,two-door car,56,
AE98193,Washington,M,high school or below,785941.46%,0,113,1/0/00,Personal Auto,suv,813,
AZ74055,Oregon,M,high school or below,411557.74%,52405,103,1/0/00,Personal Auto,four-door car,494,
XS76911,Arizona,F,high school or below,502963.88%,0,133,1/0/00,Personal Auto,Luxury,795,
AY40674,Washington,F,bachelor,482141.85%,26583,1005,1/4/00,Personal Auto,suv,614,
NA12740,Oregon,M,master,500431.05%,25486,65,1/0/00,Special Auto,two-door car,72,
UA84837,Arizona,M,college,863005.39%,24065,111,1/0/00,Corporate Auto,four-door car,532,
DJ51510,Arizona,F,high school or below,932208.51%,70435,116,1/0/00,Personal Auto,four-door car,67,
VM58985,California,M,college,1672756.06%,0,76,1/2/00,Personal Auto,two-door car,402,
OH60605,Oregon,F,high school or below,365253.24%,39679,92,1/0/00,Personal Auto,two-door car,641,
UO98052,Nevada,M,college,615860.12%,0,89,1/0/00,Personal Auto,four-door car,342,
NC53424,California,M,bachelor,437608.40%,0,69,1/4/00,Personal Auto,two-door car,331,
LQ13873,Nevada,M,high school or below,556945.62%,53565,71,1/1/00,Personal Auto,four-door car,340,
LA97014,Washington,M,bachelor,257651.30%,37574,66,1/1/00,Personal Auto,two-door car,412,
NB79936,Washington,M,bachelor,834698.32%,48259,108,1/0/00,Personal Auto,two-door car,73,
NT89061,Arizona,F,high school or below,632392.39%,78532,78,1/0/00,Personal Auto,four-door car,374,
AF10970,Arizona,F,bachelor,597314.34%,96163,73,1/0/00,Corporate Auto,four-door car,350,
ZG48513,California,M,bachelor,470667.70%,0,72,1/0/00,Personal Auto,four-door car,345,
JQ59145,California,M,high school or below,809341.03%,0,114,1/1/00,Personal Auto,Luxury,722,
FE84989,Washington,M,college,503574.46%,72672,63,1/0/00,Personal Auto,four-door car,259,
JT52858,Oregon,F,bachelor,902786.72%,99002,112,1/1/00,Personal Auto,four-door car,537,
MC62068,California,M,high school or below,728888.48%,79494,91,1/0/00,Personal Auto,four-door car,396,
EU27538,Oregon,M,master,1804247.94%,35704,225,1/0/00,Personal Auto,Luxury,358,
RH42306,Arizona,F,bachelor,499206.30%,0,71,1/0/00,Corporate Auto,four-door car,653,
US23612,Oregon,F,high school or below,910226.78%,26049,118,1/0/00,Personal Auto,two-door car,121,
WV76014,Arizona,M,doctor,254040.77%,70125,64,1/0/00,Special Auto,four-door car,92,
RK96223,California,M,college,1294189.19%,52369,110,1/1/00,Personal Auto,suv,528,
MF82000,Washington,F,bachelor,236534.86%,0,66,1/2/00,Special Auto,four-door car,159,
FM46980,Arizona,M,college,572076.51%,41770,72,1/0/00,Personal Auto,four-door car,476,
SY56792,Oregon,M,high school or below,703553.41%,0,101,1/0/00,Corporate Auto,four-door car,727,
RF61565,California,M,college,263697.77%,31911,67,1/0/00,Personal Auto,four-door car,321,
IM94808,Nevada,M,bachelor,539583.20%,70051,68,1/0/00,Corporate Auto,four-door car,42,
VI14730,Oregon,M,high school or below,838263.01%,19683,117,1/1/00,Personal Auto,Luxury,561,
YR34119,Washington,F,college,3116174.52%,30916,112,1/0/00,Personal Auto,suv,200,
RR77985,Oregon,F,bachelor,288774.23%,0,80,1/0/00,Personal Auto,four-door car,676,
QD28391,Washington,M,college,742584.53%,84302,62,1/0/00,Personal Auto,four-door car,76,
WV17090,California,M,bachelor,2558572.78%,0,116,1/0/00,Corporate Auto,suv,830,
TM23514,Oregon,M,college,1027260.82%,60145,132,1/0/00,Personal Auto,suv,580,
MQ68407,Oregon,F,bachelor,437636.36%,63774,111,1/0/00,Personal Auto,four-door car,60,
GJ59592,California,F,bachelor,531889.66%,25134,67,1/0/00,Corporate Auto,four-door car,321,
FY56083,Oregon,M,bachelor,471976.22%,37057,61,1/1/00,Personal Auto,four-door car,47,
UA94723,Oregon,F,high school or below,442803.16%,58577,110,1/0/00,Personal Auto,suv,303,
FW91032,California,M,high school or below,587917.61%,85857,73,1/0/00,Corporate Auto,four-door car,100,
DE34457,Oregon,F,doctor,941690.85%,70602,116,1/0/00,Personal Auto,suv,481,
HD32044,Oregon,F,master,828815.56%,33816,106,1/2/00,Corporate Auto,four-door car,508,
HH30454,Oregon,M,bachelor,3265483.83%,0,153,1/0/00,Personal Auto,suv,1101,
AH84063,Oregon,F,college,471945.01%,89642,121,1/4/00,Corporate Auto,suv,86,
QA17596,California,F,bachelor,390347.48%,60068,98,1/0/00,Personal Auto,two-door car,470,
XI41052,California,F,bachelor,545725.97%,50044,139,1/0/00,Personal Auto,suv,667,
DI30528,California,F,master,272535.64%,36650,69,1/1/00,Personal Auto,four-door car,56,
SC66359,Arizona,F,college,443397.37%,50653,110,1/0/00,Corporate Auto,suv,262,
EN61670,Arizona,F,doctor,533246.27%,68931,66,1/0/00,Personal Auto,four-door car,309,
DQ10761,Oregon,M,bachelor,231509.50%,0,73,1/1/00,Corporate Auto,four-door car,350,
BQ51587,California,F,college,541195.37%,0,73,1/0/00,Personal Auto,four-door car,365,
JE21522,California,M,bachelor,958733.23%,39266,80,1/0/00,Personal Auto,four-door car,384,
WS47147,California,M,college,2210350.72%,0,102,1/0/00,Personal Auto,suv,489,
ZA64638,Nevada,F,high school or below,976494.53%,0,98,1/1/00,Personal Auto,four-door car,705,
EW38459,Nevada,F,bachelor,256715.15%,40864,65,1/0/00,Corporate Auto,four-door car,9,
QW87316,Oregon,F,college,265062.28%,39035,68,1/0/00,Personal Auto,four-door car,244,
IC43478,California,M,bachelor,1126436.33%,34923,98,1/0/00,Personal Auto,two-door car,639,
TE34064,California,M,high school or below,216852.35%,0,63,1/0/00,Personal Auto,four-door car,453,
WU60905,California,F,high school or below,861066.75%,0,111,1/0/00,Corporate Auto,suv,532,
YM18992,California,F,college,283464.62%,24506,71,1/0/00,Personal Auto,two-door car,511,
PD55753,Oregon,M,high school or below,893013.97%,0,82,1/0/00,Personal Auto,four-door car,554,
KU56006,Arizona,F,college,553638.70%,52220,70,1/1/00,Personal Auto,four-door car,336,
MJ69973,Arizona,M,high school or below,284085.43%,0,74,1/0/00,Personal Auto,two-door car,402,
TW43626,California,M,college,808288.10%,53554,67,1/0/00,Personal Auto,four-door car,327,
XX84133,California,M,bachelor,525473.43%,34476,67,1/1/00,Corporate Auto,four-door car,5,
ZW84453,Arizona,F,bachelor,511623.76%,0,70,1/0/00,Personal Auto,four-door car,131,
HO29524,California,M,college,303464.70%,68205,76,1/0/00,Personal Auto,two-door car,99,
VE89726,California,F,high school or below,802489.99%,0,119,1/1/00,Personal Auto,suv,856,
GE87503,California,M,high school or below,1821114.32%,53690,154,1/0/00,Personal Auto,suv,739,
PX90263,Oregon,M,high school or below,512156.33%,0,72,1/0/00,Personal Auto,four-door car,518,
NI17718,California,F,high school or below,215017.86%,0,61,1/0/00,Personal Auto,four-door car,292,
FY32213,California,F,high school or below,559538.99%,74454,71,1/0/00,Personal Auto,four-door car,340,
RZ13254,Nevada,F,bachelor,756282.40%,0,73,1/0/00,Personal Auto,four-door car,350,
GN45013,Oregon,M,high school or below,538585.32%,29664,71,1/0/00,Personal Auto,four-door car,340,
NM39588,Washington,F,doctor,267805.83%,72450,66,1/0/00,Corporate Auto,four-door car,84,
KU84464,Nevada,F,bachelor,942256.79%,47272,79,1/3/00,Personal Auto,four-door car,64,
YH43527,Oregon,F,college,360586.03%,21585,92,1/0/00,Corporate Auto,four-door car,441,
RO30676,California,F,college,776259.06%,23827,106,1/2/00,Personal Auto,four-door car,37,
QL59704,Arizona,F,college,2344490.05%,69906,74,1/2/00,Corporate Auto,four-door car,202,
QH19450,California,F,high school or below,255817.82%,0,72,1/0/00,Corporate Auto,four-door car,345,
SA54664,Washington,M,master,265438.10%,73196,66,1/1/00,Personal Auto,four-door car,85,
CI38330,Washington,M,bachelor,254978.61%,72217,6464,1/0/00,Personal Auto,four-door car,91,
WB38524,California,M,high school or below,296959.33%,46131,74,1/0/00,Personal Auto,two-door car,355,
CE56187,Oregon,F,master,436312.46%,54514,109,1/3/00,Personal Auto,suv,286,
JL19416,California,F,high school or below,588430.86%,0,161,1/0/00,Personal Auto,suv,1159,
JZ61422,Nevada,F,college,527219.16%,96668,66,1/0/00,Personal Auto,four-door car,316,
LA13377,California,M,doctor,550989.57%,78879,69,1/1/00,Personal Auto,four-door car,466,
NC99948,Nevada,M,college,1631368.35%,0,69,1/0/00,Personal Auto,four-door car,331,
QD34785,Arizona,F,bachelor,567805.02%,0,76,1/0/00,Personal Auto,four-door car,364,
RO26085,California,F,bachelor,1210120.88%,0,112,1/0/00,Personal Auto,Luxury,1252,
ES57969,Oregon,M,bachelor,245357.08%,29735,69,1/0/00,Personal Auto,four-door car,331,
JK55587,California,M,high school or below,507566.27%,23082,65,1/0/00,Special Auto,four-door car,312,
RN97635,Arizona,M,bachelor,321497.94%,53984,80,1/0/00,Corporate Auto,four-door car,421,
BI76326,California,F,college,1227534.31%,52135,156,1/0/00,Personal Auto,suv,430,
JA34909,California,F,college,272221.07%,17576,71,1/0/00,Corporate Auto,four-door car,398,
OJ90342,Oregon,F,bachelor,245744.09%,29486,62,1/0/00,Personal Auto,four-door car,7,
CM88932,Oregon,F,master,355484.53%,58557,88,1/0/00,Corporate Auto,four-door car,55,
JJ97525,California,M,bachelor,492954.97%,25632,63,1/0/00,Personal Auto,two-door car,351,
XV21647,California,F,high school or below,803645.03%,0,112,1/0/00,Personal Auto,Luxury,806,
MC83487,Arizona,M,bachelor,427691.53%,18768,68,1/3/00,Corporate Auto,four-door car,647,
BL90769,California,F,bachelor,3347334.95%,33190,106,1/0/00,Personal Auto,suv,508,
CR57148,Oregon,F,master,596058.14%,47945,74,1/0/00,Personal Auto,two-door car,128,
CP85232,Arizona,M,college,4479546.94%,58778,126,1/0/00,Special Auto,suv,302,
YL74732,California,F,high school or below,383211.81%,15192,100,1/0/00,Personal Auto,suv,480,
FG16766,California,F,bachelor,683793.26%,51859,171,1/0/00,Personal Auto,suv,1003,
NV55438,Nevada,F,high school or below,528526.82%,23422,72,1/0/00,Personal Auto,two-door car,518,
RM10880,California,F,college,309651.12%,21604,79,1/0/00,Corporate Auto,four-door car,379,
GL56175,Arizona,M,college,358971.07%,79298,90,1/0/00,Personal Auto,four-door car,244,
UK52289,Arizona,F,bachelor,258240.85%,76731,64,1/0/00,Special Auto,four-door car,201,
OT85112,Washington,M,college,340391.94%,38460,88,1/1/00,Personal Auto,four-door car,91,
BC62782,Arizona,F,college,1357567.60%,48534,115,1/1/00,Personal Auto,suv,552,
TI19722,Washington,M,doctor,343613.43%,30817,88,1/0/00,Corporate Auto,four-door car,91,
JP30654,Oregon,F,college,2868582.79%,48412,104,1/0/00,Personal Auto,suv,707,
UM45563,Washington,M,bachelor,450267.97%,68798,114,1/0/00,Personal Auto,suv,92,
EN60878,Oregon,M,bachelor,618311.15%,23712,85,1/0/00,Personal Auto,four-door car,376,
JF36291,California,M,college,387364.70%,28142,105,1/0/00,Personal Auto,Luxury,701,
BK59444,California,F,master,1892933.06%,72196,68,1/0/00,Personal Auto,four-door car,152,
MK70700,California,M,master,555329.58%,68197,69,1/0/00,Personal Auto,four-door car,176,
IW71076,California,M,bachelor,501125.92%,75248,63,1/0/00,Corporate Auto,four-door car,104,
AP98768,California,F,college,1044244.63%,0,98,1/0/00,Personal Auto,four-door car,941,
OM24164,Nevada,M,bachelor,219961.78%,0,65,1/1/00,Personal Auto,two-door car,468,
HR85211,Washington,F,master,512317.09%,89879,63,1/0/00,Personal Auto,two-door car,94,
VC87846,Oregon,M,high school or below,748431.05%,46998,96,1/0/00,Corporate Auto,four-door car,460,
ZM92052,Oregon,M,bachelor,261302.31%,57099,67,1/0/00,Personal Auto,two-door car,67,
ON73702,Arizona,F,bachelor,908063.97%,33897,114,1/0/00,Corporate Auto,suv,539,
QQ90441,Nevada,F,high school or below,1377097.62%,59207,116,1/0/00,Personal Auto,four-door car,556,
HU35721,Oregon,M,high school or below,287682.29%,40171,73,1/0/00,Personal Auto,four-door car,350,
YP47665,Washington,M,doctor,540891.15%,80192,67,1/0/00,Personal Auto,four-door car,95,
FU99476,Washington,M,high school or below,677030.68%,74422,85,1/1/00,Personal Auto,four-door car,95,
AG85615,Oregon,M,college,2414387.56%,0,87,1/0/00,Special Auto,four-door car,626,
OY74069,Arizona,F,college,353805.95%,0,67,1/5/00,Personal Auto,four-door car,321,
DJ91267,Nevada,F,bachelor,2909123.94%,34226,244,1/0/00,Personal Auto,Luxury,494,
KB72438,California,F,high school or below,1983420.12%,65989,123,1/1/00,Personal Auto,suv,115,
TR67616,Oregon,M,high school or below,473136.70%,30686,61,1/0/00,Corporate Auto,four-door car,19,
GF65731,California,F,master,3553784.60%,0,113,1/0/00,Personal Auto,Luxury,799,
HB67642,Arizona,F,high school or below,3461137.90%,20090,109,1/0/00,Personal Auto,Luxury,523,
DP84567,California,M,high school or below,2021630.88%,0,183,1/0/00,Personal Auto,Luxury,878,
VV77534,Oregon,M,college,1397651.93%,77094,176,1/0/00,Personal Auto,suv,444,
GL67540,California,F,college,590408.82%,97413,73,1/0/00,Personal Auto,four-door car,268,
SV50502,Oregon,F,master,559583.50%,79189,69,1/0/00,Corporate Auto,four-door car,331,
UK59698,California,F,high school or below,229430.36%,0,62,1/0/00,Personal Auto,two-door car,297,
OA57352,Arizona,F,college,627391.19%,18577,86,1/0/00,Personal Auto,four-door car,412,
ZF84449,Oregon,F,college,372672.80%,0,112,1/1/00,Special Auto,Luxury,806,
AX86150,Washington,M,high school or below,265671.31%,62777,67,1/0/00,Personal Auto,two-door car,101,
HG39060,Oregon,M,bachelor,511068.08%,0,74,1/0/00,Corporate Auto,four-door car,532,
EM29359,Nevada,M,college,712659.65%,17483,183,1/0/00,Personal Auto,Luxury,1317,
SF57173,Oregon,M,master,460163.41%,84394,114,1/0/00,Personal Auto,suv,691,
OT47603,Oregon,M,college,915523.97%,0,127,1/0/00,Personal Auto,Luxury,804,
SW31412,Oregon,F,college,1480805.62%,41440,62,1/1/00,Personal Auto,four-door car,297,
JS36322,Arizona,M,high school or below,890167.84%,0,136,1/1/00,Personal Auto,Luxury,1090,
RE81445,Oregon,F,college,573459.82%,98132,71,1/0/00,Personal Auto,two-door car,50,
RM24280,Oregon,F,high school or below,417769.70%,0,112,1/0/00,Personal Auto,four-door car,537,
LC25393,California,M,bachelor,2777628.91%,88220,230,1/0/00,Personal Auto,Luxury,151,
UX38930,Arizona,F,master,1036434.75%,58327,129,1/0/00,Personal Auto,suv,347,
HD95496,Oregon,M,master,785190.14%,25950,66,1/0/00,Personal Auto,two-door car,271,
RX24650,Oregon,M,high school or below,477294.38%,20993,133,1/0/00,Corporate Auto,suv,638,
DW19309,Oregon,M,high school or below,1422650.49%,65726,177,1/0/00,Corporate Auto,suv,849,
MT41386,Washington,M,Bachelor,287543.24%,84768,72,1/0/00,Personal Auto,two-door car,110,
WZ40465,Washington,F,bachelor,504129.96%,36234,63,1/0/00,Personal Auto,four-door car,113,
DB42794,California,M,college,436293.12%,58842,110,1/0/00,Personal Auto,four-door car,528,
JB50798,Oregon,F,master,962452.44%,25629,124,1/2/00,Corporate Auto,Luxury,595,
IP69763,Washington,F,college,2191440.55%,77311,181,1/0/00,Personal Auto,suv,113,
TE35785,California,M,doctor,694842.22%,0,196,1/2/00,Personal Auto,Luxury,1337,
HX74855,Washington,M,high school or below,247152.84%,95697,61,1/0/00,Personal Auto,two-door car,114,
QN65180,Oregon,F,bachelor,2190391.36%,22254,79,1/0/00,Personal Auto,four-door car,125,
GE47180,Nevada,M,high school or below,902882.14%,65974,113,1/0/00,Personal Auto,Luxury,235,
VQ38776,Oregon,F,college,530375.95%,0,76,1/0/00,Personal Auto,four-door car,395,
BH86846,Washington,M,high school or below,2070825.88%,92079,65,1/1/00,Corporate Auto,four-door car,114,
IN17648,Nevada,M,high school or below,512376.81%,0,74,1/0/00,Personal Auto,two-door car,772,
DF95759,Oregon,M,college,949234.30%,0,132,1/0/00,Personal Auto,suv,633,
QG45324,Oregon,F,high school or below,820486.32%,0,73,1/0/00,Personal Auto,four-door car,350,
MN61620,Arizona,F,college,987729.57%,67752,131,1/4/00,Personal Auto,Luxury,168,
YH86390,California,F,bachelor,481500.97%,25398,64,1/0/00,Corporate Auto,four-door car,307,
FY13480,California,M,high school or below,627701.17%,0,88,1/0/00,Personal Auto,four-door car,633,
YH61661,California,M,high school or below,826063.98%,33321,105,1/0/00,Special Auto,suv,504,
NL93182,Nevada,M,bachelor,254945.00%,0,78,1/0/00,Corporate Auto,four-door car,845,
LN31673,Washington,F,college,1131808.98%,38923,99,1/2/00,Personal Auto,four-door car,115,
WE68644,Oregon,F,bachelor,380392.18%,20325,100,1/0/00,Personal Auto,Luxury,668,
EZ30498,Oregon,M,bachelor,863540.35%,13129,117,1/0/00,Personal Auto,suv,700,
QY74517,Oregon,F,high school or below,551055.90%,0,73,1/0/00,Personal Auto,four-door car,525,
NM88660,Nevada,M,master,358588.41%,49080,91,1/0/00,Corporate Auto,four-door car,25,
MZ82036,Nevada,M,college,488925.28%,42536,63,1/0/00,Personal Auto,four-door car,375,
ID20929,Oregon,M,bachelor,275694.17%,29926,74,1/0/00,Corporate Auto,four-door car,418,
EY50028,Nevada,M,doctor,328954.74%,0,86,1/0/00,Corporate Auto,two-door car,398,
TT82373,California,F,bachelor,1093717.85%,21450,138,1/0/00,Personal Auto,Luxury,938,
OH64088,California,M,high school or below,737556.79%,33345,65,1/0/00,Corporate Auto,four-door car,338,
SK97780,California,F,bachelor,1011077.82%,15752,90,1/0/00,Corporate Auto,two-door car,339,
IO33050,Oregon,F,high school or below,511941.43%,40169,65,1/1/00,Personal Auto,four-door car,302,
XA55917,California,F,college,853383.20%,26049,113,1/1/00,Personal Auto,suv,619,
JK32620,Nevada,M,college,222476.80%,0,68,1/0/00,Personal Auto,four-door car,326,
RQ19236,Arizona,M,doctor,804280.38%,55411,100,1/0/00,Personal Auto,Luxury,259,
QC47433,Oregon,M,college,255443.71%,12459,70,1/0/00,Personal Auto,four-door car,336,
RA93608,Oregon,M,bachelor,1807394.00%,64620,76,1/1/00,Personal Auto,two-door car,364,
XH97711,California,M,bachelor,243050.66%,83140,61,1/0/00,Corporate Auto,four-door car,179,
AU96286,Oregon,F,bachelor,316765.84%,0,92,1/0/00,Corporate Auto,four-door car,662,
KC17170,Arizona,F,bachelor,546560.40%,54422,68,1/0/00,Corporate Auto,four-door car,75,
ZN47335,California,M,college,1035751.42%,68309,131,1/0/00,Corporate Auto,suv,306,
EI46264,California,M,high school or below,253781.39%,56621,65,1/2/00,Personal Auto,four-door car,84,
EK87864,Arizona,F,college,282194.72%,38977,70,1/0/00,Special Auto,four-door car,139,
GV45403,Arizona,M,bachelor,775712.81%,0,111,1/0/00,Corporate Auto,two-door car,607,
QK31192,Arizona,M,high school or below,407913.27%,0,114,1/0/00,Corporate Auto,two-door car,631,
LU89008,Arizona,F,college,595554.46%,0,83,1/0/00,Personal Auto,four-door car,628,
NS10490,Oregon,F,bachelor,1415861.36%,83235,70,1/0/00,Personal Auto,two-door car,336,
KL98495,Nevada,M,college,848723.80%,0,74,1/0/00,Personal Auto,two-door car,426,
IU96845,Arizona,M,college,628547.69%,32390,80,1/0/00,Personal Auto,four-door car,91,
QL93655,Oregon,F,high school or below,1147348.15%,66538,95,1/0/00,Personal Auto,two-door car,317,
PF40592,Washington,F,college,494263.06%,23285,65,1/0/00,Personal Auto,two-door car,118,
LZ34046,Oregon,M,bachelor,2359468.02%,76358,66,1/0/00,Personal Auto,four-door car,86,
JC80093,Washington,M,master,257250.66%,21104,66,1/0/00,Personal Auto,four-door car,118,
YE88490,Arizona,F,college,538089.86%,55350,67,1/0/00,Personal Auto,four-door car,321,
YC80498,California,F,college,477055.09%,12964,65,1/0/00,Personal Auto,two-door car,362,
AI85843,Arizona,F,master,675665.14%,33288,86,1/2/00,Personal Auto,four-door car,221,
XD66024,Arizona,F,college,593601.18%,0,84,1/0/00,Personal Auto,four-door car,980,
FY51713,Arizona,F,bachelor,357076.05%,56168,88,1/0/00,Personal Auto,four-door car,614,
PH26378,California,M,college,601996.05%,0,92,1/0/00,Personal Auto,four-door car,662,
WQ18638,Oregon,M,high school or below,542686.40%,23105,69,1/0/00,Personal Auto,two-door car,331,
KY14688,Oregon,F,master,273031.38%,36218,68,1/0/00,Personal Auto,four-door car,145,
TC97762,California,F,high school or below,498268.14%,52275,62,1/0/00,Corporate Auto,four-door car,374,
QC87108,Oregon,F,college,876926.68%,49665,74,1/0/00,Personal Auto,four-door car,355,
CX12134,Nevada,M,high school or below,422061.35%,32471,110,1/0/00,Personal Auto,two-door car,528,
SM73248,Arizona,M,high school or below,1153750.51%,0,86,1/1/00,Corporate Auto,two-door car,619,
CK19789,California,F,master,588718.20%,62773,73,1/0/00,Personal Auto,four-door car,80,
UV12583,California,F,college,470058.38%,76694,117,1/0/00,Personal Auto,suv,561,
JC11405,Oregon,M,high school or below,1096395.72%,55687,276,1/0/00,Personal Auto,Luxury,1324,
KA89683,Arizona,F,high school or below,252317.12%,0,70,1/0/00,Personal Auto,four-door car,504,
BG85305,Nevada,M,doctor,375780.47%,36633,96,1/1/00,Personal Auto,four-door car,460,
UQ87917,Oregon,M,high school or below,1294173.35%,77060,106,1/0/00,Personal Auto,suv,468,
XN11823,Nevada,F,bachelor,376446.51%,92600,94,1/0/00,Corporate Auto,two-door car,842,
OS46571,California,M,high school or below,688955.70%,0,66,1/0/00,Personal Auto,four-door car,475,
PX17116,Nevada,M,college,362345.42%,0,111,1/2/00,Corporate Auto,suv,1171,
RP19541,Arizona,M,college,758211.38%,64801,64,1/0/00,Personal Auto,four-door car,268,
ZR25747,Oregon,F,college,827774.56%,45257,103,1/0/00,Corporate Auto,two-door car,494,
NQ86532,California,M,high school or below,257645.56%,26854,66,1/0/00,Personal Auto,four-door car,475,
JY27336,Oregon,F,college,820538.79%,85840,102,1/2/00,Corporate Auto,suv,138,
PB54378,Oregon,F,doctor,1958246.89%,26463,72,1/0/00,Corporate Auto,four-door car,345,
SV38190,Nevada,F,bachelor,648152.66%,30689,81,1/0/00,Personal Auto,four-door car,467,
CV24005,Oregon,M,high school or below,259931.09%,29590,66,1/0/00,Corporate Auto,two-door car,467,
EX28656,Oregon,F,college,983033.76%,25965,253,1/0/00,Personal Auto,Luxury,1214,
CF57022,Oregon,M,bachelor,1044265.14%,17269,139,1/0/00,Personal Auto,suv,667,
GM16780,Oregon,M,college,3605753.70%,90330,137,1/3/00,Corporate Auto,Luxury,192,
BX94438,California,F,high school or below,847003.68%,0,113,1/0/00,Corporate Auto,suv,619,
RM41745,California,F,high school or below,827878.65%,0,110,1/0/00,Personal Auto,four-door car,1002,
XR70252,California,F,high school or below,478893.26%,0,67,1/1/00,Personal Auto,two-door car,321,
YH92099,Arizona,F,bachelor,308799.99%,18558,80,1/0/00,Special Auto,four-door car,384,
SG81493,Arizona,M,bachelor,444373.62%,46384,113,1/0/00,Corporate Auto,four-door car,251,
ZX23819,Oregon,F,high school or below,798408.65%,0,72,1/0/00,Personal Auto,two-door car,866,
FJ54907,Oregon,F,college,718097.10%,42303,180,1/0/00,Personal Auto,Luxury,1210,
CU26127,California,F,bachelor,1565603.43%,71731,130,1/0/00,Corporate Auto,suv,599,
YH60476,Oregon,M,high school or below,578018.22%,51066,74,1/0/00,Corporate Auto,four-door car,787,
ZZ97035,California,M,college,2071494.04%,0,203,1/0/00,Corporate Auto,Luxury,2027,
GE82737,Nevada,F,bachelor,533735.24%,0,86,1/3/00,Personal Auto,four-door car,619,
KY21873,Arizona,M,college,505082.62%,0,69,1/0/00,Personal Auto,two-door car,72,
UA51318,Arizona,F,high school or below,511662.40%,26173,68,1/1/00,Corporate Auto,four-door car,449,
BV55014,Oregon,M,bachelor,726873.70%,24445,63,1/0/00,Personal Auto,two-door car,302,
HX21307,Oregon,M,college,261661.39%,72302,66,1/0/00,Personal Auto,two-door car,316,
LQ68252,Oregon,M,high school or below,373843.62%,27208,102,1/0/00,Personal Auto,suv,489,
CR92802,California,F,master,272535.64%,36650,69,1/1/00,Special Auto,four-door car,56,
SL35268,Arizona,M,college,545386.12%,30855,68,1/0/00,Corporate Auto,four-door car,259,
RD62882,Arizona,F,bachelor,684615.03%,0,95,1/0/00,Personal Auto,two-door car,456,
JS42382,Oregon,M,master,617291.42%,99960,76,1/0/00,Corporate Auto,four-door car,364,
BT30554,Arizona,F,bachelor,1034632.45%,0,98,1/0/00,Personal Auto,four-door car,470,
VP57424,Nevada,F,bachelor,699700.86%,55873,88,1/0/00,Personal Auto,four-door car,299,
VU19243,Arizona,F,high school or below,419625.77%,18052,111,1/0/00,Personal Auto,four-door car,699,
TA82973,Oregon,F,high school or below,785810.98%,28937,104,1/2/00,Personal Auto,suv,117,
GK71720,Oregon,F,high school or below,606434.40%,0,86,1/0/00,Personal Auto,four-door car,545,
OQ61223,California,M,college,1749752.20%,0,73,1/0/00,Personal Auto,two-door car,350,
LL62746,Oregon,M,doctor,897064.73%,12829,118,1/0/00,Personal Auto,suv,328,
JQ56711,Oregon,F,master,592311.72%,92163,73,1/0/00,Personal Auto,two-door car,66,
AW77988,Oregon,M,high school or below,3585059.94%,17588,192,1/0/00,Personal Auto,Luxury,1382,
QP84605,Washington,F,bachelor,870984.53%,41546,111,1/0/00,Corporate Auto,four-door car,121,
MY97912,Arizona,M,college,1330933.52%,0,127,1/0/00,Personal Auto,suv,609,
IB87349,California,M,high school or below,452850.49%,70340,113,1/0/00,Special Auto,four-door car,542,
AW73065,Oregon,F,high school or below,279190.65%,0,74,1/0/00,Personal Auto,four-door car,532,
BW80872,Washington,M,high school or below,443441.12%,34549,111,1/0/00,Personal Auto,four-door car,125,
PX70175,Arizona,M,college,799600.75%,93459,99,1/0/00,Personal Auto,four-door car,655,
KF75098,Arizona,M,bachelor,512973.90%,86148,65,1/2/00,Personal Auto,four-door car,312,
IS50283,California,F,bachelor,569717.52%,27048,72,1/0/00,Corporate Auto,four-door car,345,
MY64920,Oregon,F,college,921713.06%,73259,115,1/0/00,Personal Auto,suv,673,
KN34250,Oregon,F,college,1020892.76%,35482,129,1/0/00,Corporate Auto,suv,619,
GN46207,Oregon,F,master,417068.73%,29462,107,1/1/00,Personal Auto,suv,513,
KL57176,Oregon,F,college,450540.58%,67801,115,1/1/00,Personal Auto,suv,23,
MN94234,California,M,high school or below,310756.86%,0,94,1/4/00,Personal Auto,two-door car,451,
JY90595,Arizona,M,high school or below,552866.50%,16042,73,1/0/00,Personal Auto,two-door car,350,
HK26543,California,M,high school or below,504586.67%,28056,64,1/1/00,Personal Auto,four-door car,307,
PN86062,California,M,high school or below,296272.25%,16495,85,1/3/00,Corporate Auto,four-door car,408,
VW27730,California,F,master,866595.64%,41163,108,1/0/00,Corporate Auto,suv,231,
SH55671,Arizona,F,college,1141344.12%,0,161,1/1/00,Personal Auto,Luxury,772,
MO56878,California,M,bachelor,1548843.20%,33799,109,1/3/00,Corporate Auto,suv,664,
VO38365,Washington,F,college,886114.95%,90125,110,1/0/00,Corporate Auto,suv,128,
SV35618,Oregon,F,bachelor,593474.15%,87747,147,1/1/00,Personal Auto,suv,46,
RX12347,Nevada,M,college,354323.21%,35695,90,1/0/00,Personal Auto,four-door car,432,
FR55658,California,M,master,349002.83%,90985,87,1/0/00,Personal Auto,four-door car,78,
XS12556,California,F,college,368309.99%,0,101,1/0/00,Corporate Auto,Luxury,564,
ZU73588,California,M,college,598977.39%,66839,154,1/0/00,Personal Auto,Luxury,739,
WT43034,California,F,high school or below,1250084.30%,0,165,1/0/00,Personal Auto,suv,792,
VM13430,Oregon,F,bachelor,860915.82%,79090,107,1/0/00,Corporate Auto,suv,289,
TC78849,Oregon,M,bachelor,249745.51%,24825,64,1/0/00,Personal Auto,two-door car,155,
VC34764,California,M,college,701917.72%,26806,63,1/0/00,Personal Auto,four-door car,302,
WO90953,Oregon,F,college,538792.63%,56835,67,1/0/00,Personal Auto,two-door car,326,
IU47468,Oregon,F,bachelor,616555.75%,0,88,1/0/00,Special Auto,two-door car,653,
KO46064,California,M,bachelor,273020.29%,46135,69,1/0/00,Personal Auto,four-door car,103,
RB34917,Arizona,F,bachelor,516211.69%,0,73,1/0/00,Personal Auto,four-door car,809,
BI38192,Oregon,F,high school or below,793706.48%,22862,67,1/0/00,Personal Auto,two-door car,321,
PU18983,Oregon,F,high school or below,860815.72%,21450,110,1/2/00,Personal Auto,Luxury,528,
SW79912,Oregon,M,bachelor,263254.58%,95854,65,1/0/00,Personal Auto,two-door car,312,
ES39217,Oregon,F,bachelor,778500.42%,44897,99,1/1/00,Personal Auto,four-door car,580,
KP72427,Washington,M,high school or below,2163983.86%,64455,108,1/0/00,Personal Auto,suv,133,
UA19178,Oregon,F,master,498082.50%,53265,62,1/0/00,Personal Auto,four-door car,238,
PR53785,Arizona,F,high school or below,745723.78%,0,198,1/1/00,Personal Auto,Luxury,1577,
XF57481,Washington,M,master,1064093.93%,50450,90,1/0/00,Personal Auto,two-door car,135,
CN90378,California,F,high school or below,686250.83%,54780,88,1/3/00,Personal Auto,four-door car,135,
KI56154,Nevada,M,high school or below,904898.34%,0,119,1/0/00,Personal Auto,Luxury,571,
UI55951,California,M,bachelor,554803.19%,67798,69,1/0/00,Personal Auto,four-door car,331,
FF28650,Oregon,M,bachelor,831268.16%,21442,118,1/0/00,Personal Auto,suv,566,
FS55302,California,M,bachelor,238998.10%,27615,62,1/1/00,Personal Auto,four-door car,297,
TN79487,California,M,bachelor,445811.34%,17622,65,1/1/00,Personal Auto,four-door car,312,
HG32616,Nevada,M,high school or below,529574.17%,50200,135,1/0/00,Personal Auto,Luxury,637,
UK41984,Arizona,F,doctor,383960.61%,0,112,1/2/00,Personal Auto,suv,537,
LZ52266,California,F,high school or below,373150.46%,0,96,1/0/00,Personal Auto,four-door car,460,
PM27367,California,F,master,277890.37%,73570,70,1/1/00,Special Auto,two-door car,75,
ZK21724,Oregon,F,high school or below,401654.20%,0,111,1/0/00,Personal Auto,suv,799,
BH35482,Washington,M,doctor,493094.93%,70412,61,1/0/00,Corporate Auto,two-door car,136,
QE22757,Nevada,M,doctor,249131.70%,36631,62,1/0/00,Personal Auto,four-door car,67,
ON77649,Oregon,F,college,290887.59%,35895,73,1/0/00,Personal Auto,four-door car,312,
RN82884,Arizona,F,college,428294.80%,40864,109,1/1/00,Personal Auto,suv,166,
CQ75652,Oregon,M,college,834162.37%,0,118,1/0/00,Personal Auto,four-door car,566,
FF58467,Arizona,F,master,509078.13%,93018,63,1/0/00,Personal Auto,four-door car,135,
BS83666,Oregon,M,bachelor,736618.83%,70014,62,1/0/00,Corporate Auto,four-door car,17,
WO29605,Oregon,F,college,243687.51%,48875,61,1/0/00,Personal Auto,two-door car,1,
TL77607,California,M,bachelor,885268.87%,67969,74,1/0/00,Personal Auto,four-door car,197,
EZ50606,Oregon,F,high school or below,2387547.68%,0,108,1/0/00,Corporate Auto,suv,612,
OS39723,Oregon,F,doctor,560049.65%,68665,69,1/0/00,Personal Auto,two-door car,331,
FN69743,California,M,college,463654.65%,26802,66,1/1/00,Corporate Auto,two-door car,316,
XW96958,Nevada,M,high school or below,757334.51%,0,110,1/0/00,Corporate Auto,four-door car,1193,
TU92578,California,M,college,1469663.55%,45345,125,1/0/00,Personal Auto,suv,600,
TL43709,Washington,M,Bachelor,897214.03%,89689,74,1/0/00,Personal Auto,four-door car,136,
YE68736,California,F,bachelor,772484.01%,32051,193,1/1/00,Personal Auto,suv,926,
OB96537,Oregon,M,master,594667.07%,81139,74,1/0/00,Special Auto,four-door car,392,
EU68825,Oregon,F,master,800054.51%,63834,100,1/1/00,Personal Auto,Luxury,215,
CC31456,Arizona,M,bachelor,645756.10%,37548,81,1/0/00,Special Auto,four-door car,160,
DJ77787,Arizona,F,high school or below,728144.01%,0,69,1/3/00,Personal Auto,four-door car,371,
LN26837,California,M,high school or below,259243.78%,72421,65,1/0/00,Personal Auto,four-door car,312,
YI92916,Nevada,M,master,467842.34%,83102,116,1/0/00,Corporate Auto,four-door car,443,
NW54906,Oregon,M,college,1386992.71%,28432,118,1/0/00,Personal Auto,suv,612,
ME77513,Nevada,F,master,871777.78%,83707,108,1/0/00,Corporate Auto,four-door car,290,
UK76891,California,F,college,523398.68%,63259,65,1/0/00,Corporate Auto,four-door car,316,
SI26888,Nevada,F,high school or below,476418.97%,0,67,1/0/00,Personal Auto,four-door car,405,
YD74948,Oregon,F,college,247246.92%,63860,62,1/0/00,Personal Auto,four-door car,208,
HB64268,Washington,M,bachelor,281369.26%,43836,73,1/0/00,Personal Auto,four-door car,138,
BW52697,California,F,college,550505.70%,86132,68,1/0/00,Personal Auto,two-door car,301,
NL41409,Oregon,F,bachelor,260620.85%,28519,66,1/0/00,Personal Auto,two-door car,456,
OD69005,Arizona,F,high school or below,1048194.38%,39102,88,1/0/00,Personal Auto,four-door car,152,
ZZ91716,California,F,bachelor,325676.64%,0,89,1/0/00,Personal Auto,four-door car,491,
UK70255,California,F,college,3047578.05%,97298,128,1/0/00,Personal Auto,Luxury,48,
QT25383,Nevada,M,high school or below,636490.22%,41986,84,1/2/00,Personal Auto,two-door car,430,
AW18068,Arizona,M,high school or below,946850.93%,0,88,1/0/00,Personal Auto,two-door car,633,
NS45347,Oregon,F,college,563145.19%,17291,73,1/0/00,Personal Auto,four-door car,350,
FV19421,California,M,bachelor,778099.93%,0,74,1/0/00,Personal Auto,four-door car,246,
XW89091,California,M,college,981652.83%,37256,62,1/0/00,Personal Auto,four-door car,128,
YC11951,Oregon,M,high school or below,751913.36%,96306,95,1/1/00,Corporate Auto,four-door car,185,
UY18770,California,F,bachelor,1017971.70%,14290,271,1/0/00,Personal Auto,Luxury,1300,
RA49085,California,F,college,277283.92%,37038,71,1/1/00,Corporate Auto,four-door car,9,
BG84194,Oregon,M,college,403750.18%,90760,103,1/2/00,Special Auto,suv,133,
PT64580,Washington,M,master,419196.61%,77048,103,1/0/00,Personal Auto,suv,141,
MR67738,Oregon,F,high school or below,267686.79%,54480,67,1/0/00,Personal Auto,four-door car,321,
DM95829,California,M,college,252395.96%,16244,68,1/0/00,Personal Auto,two-door car,623,
DB75522,California,F,college,698840.16%,22436,89,1/0/00,Special Auto,four-door car,427,
LM34525,Washington,F,college,874205.78%,71592,72,1/0/00,Personal Auto,four-door car,141,
WW30771,Arizona,M,master,267331.96%,28728,67,1/0/00,Personal Auto,four-door car,321,
QP65569,Arizona,M,high school or below,1215732.99%,57449,103,1/0/00,Personal Auto,four-door car,494,
TN50051,California,F,doctor,295776.40%,83318,73,1/0/00,Personal Auto,two-door car,211,
UO86707,Washington,M,Bachelor,717390.94%,75217,61,1/1/00,Personal Auto,four-door car,147,
JA41698,Nevada,M,bachelor,309953.80%,0,102,1/5/00,Corporate Auto,suv,862,
NX18774,Oregon,M,bachelor,841568.46%,55308,107,1/0/00,Corporate Auto,suv,513,
DA69469,Oregon,F,college,2684312.45%,36068,97,1/0/00,Personal Auto,two-door car,113,
CN23147,Oregon,M,bachelor,1305717.07%,48804,112,1/1/00,Corporate Auto,four-door car,537,
RA68844,Oregon,M,college,959995.02%,0,131,1/0/00,Personal Auto,suv,943,
GH42026,Oregon,M,bachelor,853510.89%,55790,111,1/0/00,Personal Auto,suv,117,
BD16530,Arizona,F,bachelor,829348.19%,70258,69,1/0/00,Personal Auto,four-door car,225,
JH91579,Oregon,F,bachelor,684615.03%,0,95,1/0/00,Personal Auto,two-door car,456,
WK23685,Oregon,F,bachelor,663685.98%,47274,83,1/1/00,Corporate Auto,four-door car,182,
GR62267,Washington,F,college,560908.25%,44705,71,1/0/00,Personal Auto,two-door car,148,
PI78084,Arizona,M,high school or below,507732.09%,0,73,1/0/00,Personal Auto,two-door car,525,
GF97874,Washington,F,master,527562.70%,70446,65,1/0/00,Personal Auto,four-door car,155,
ZH19885,Washington,F,high school or below,251459.20%,43860,65,1/0/00,Personal Auto,four-door car,156,
UK25655,Oregon,F,bachelor,343525.01%,64348,86,1/0/00,Personal Auto,two-door car,212,
QR45101,Oregon,M,bachelor,662461.18%,0,62,1/0/00,Corporate Auto,two-door car,297,
EL93539,California,M,master,575744.23%,88997,72,1/0/00,Special Auto,four-door car,174,
EE99484,Washington,F,high school or below,251459.20%,43860,65,1/0/00,Corporate Auto,four-door car,156,
DP46882,California,F,high school or below,288645.16%,10312,78,1/0/00,Corporate Auto,four-door car,486,
WP41146,California,F,high school or below,534143.88%,0,72,1/1/00,Personal Auto,four-door car,345,
TK60799,Arizona,F,high school or below,416001.81%,96263,103,1/0/00,Personal Auto,suv,1,
DN29808,California,F,college,284624.54%,28919,72,1/0/00,Corporate Auto,four-door car,518,
SS59521,Oregon,F,college,477025.66%,0,68,1/1/00,Personal Auto,two-door car,326,
NG66579,Oregon,M,bachelor,505961.62%,41869,64,1/0/00,Personal Auto,two-door car,262,
TC14209,Arizona,F,high school or below,909574.46%,0,128,1/0/00,Personal Auto,suv,921,
ED50963,California,F,high school or below,268886.40%,32808,68,1/1/00,Personal Auto,four-door car,541,
GP40701,California,F,bachelor,827763.76%,79780,68,1/0/00,Personal Auto,four-door car,326,
CP98451,Oregon,F,college,905793.53%,91025,112,1/0/00,Personal Auto,suv,327,
NX52648,California,F,high school or below,380175.04%,33043,95,1/0/00,Personal Auto,two-door car,456,
ZC32510,Arizona,M,high school or below,933934.16%,69442,118,1/3/00,Personal Auto,four-door car,1265,
NG27780,Oregon,M,college,252012.32%,0,70,1/0/00,Corporate Auto,four-door car,63,
HN95240,Arizona,F,college,498409.53%,0,70,1/0/00,Corporate Auto,four-door car,336,
EB59129,Oregon,F,bachelor,259574.80%,47234,65,1/0/00,Personal Auto,four-door car,15,
RA70851,Oregon,M,high school or below,743769.33%,86863,92,1/0/00,Personal Auto,four-door car,441,
PM19162,Oregon,M,bachelor,1453678.76%,25805,66,1/2/00,Personal Auto,four-door car,375,
MS59005,Nevada,M,bachelor,591330.59%,43676,76,1/0/00,Personal Auto,four-door car,364,
SU71163,Arizona,M,college,277166.30%,59855,74,1/4/00,Personal Auto,two-door car,355,
BD35676,Arizona,M,master,2919436.64%,35296,126,1/0/00,Personal Auto,suv,452,
NI44621,Oregon,F,master,988038.58%,36576,125,1/1/00,Personal Auto,suv,113,
EW33419,California,F,high school or below,1511440.24%,28513,100,1/1/00,Corporate Auto,suv,480,
HX44948,Oregon,M,bachelor,575991.08%,85448,72,1/0/00,Special Auto,four-door car,16,
DL36983,Oregon,F,high school or below,849516.42%,23791,110,1/3/00,Personal Auto,two-door car,615,
XR87264,California,F,bachelor,438118.42%,20597,112,1/0/00,Personal Auto,four-door car,615,
NN99001,Arizona,F,college,699782.74%,56940,87,1/0/00,Personal Auto,four-door car,512,
XV95530,Oregon,M,bachelor,1143058.85%,93210,71,1/0/00,Personal Auto,two-door car,74,
OL97871,Oregon,F,bachelor,748248.61%,48992,94,1/1/00,Personal Auto,four-door car,426,
HQ23708,Arizona,F,master,859691.66%,53736,71,1/0/00,Personal Auto,two-door car,169,
WR63188,Arizona,M,college,785496.08%,25378,66,1/1/00,Personal Auto,four-door car,419,
NG82219,Oregon,F,bachelor,258240.85%,76731,64,1/0/00,Personal Auto,four-door car,201,
KU29408,Washington,M,master,907576.82%,37722,116,1/0/00,Corporate Auto,Luxury,158,
RE46783,California,F,bachelor,411858.86%,69379,103,1/0/00,Personal Auto,two-door car,494,
RU94434,Oregon,M,high school or below,1215732.99%,57449,103,1/0/00,Personal Auto,four-door car,494,
GI82355,Arizona,M,bachelor,515281.96%,0,68,1/0/00,Corporate Auto,four-door car,326,
VO26340,Nevada,M,college,651297.65%,0,93,1/0/00,Personal Auto,two-door car,669,
NV61299,Arizona,F,bachelor,2778969.24%,33806,89,1/0/00,Corporate Auto,four-door car,395,
DX31066,Washington,F,college,266727.00%,94041,66,1/0/00,Personal Auto,four-door car,159,
CY50337,Oregon,F,college,1092840.71%,74965,90,1/0/00,Personal Auto,four-door car,58,
TJ20375,Arizona,F,high school or below,761538.13%,34095,63,1/0/00,Personal Auto,two-door car,302,
EP72155,California,F,college,200435.07%,0,66,1/4/00,Personal Auto,four-door car,316,
JJ76159,California,M,college,243468.12%,96045,61,1/0/00,Corporate Auto,four-door car,8,
BG15419,Nevada,F,bachelor,1419536.03%,86355,118,1/0/00,Personal Auto,Luxury,285,
AO74776,California,F,high school or below,942768.49%,27824,118,1/0/00,Personal Auto,suv,566,
HQ82233,California,M,high school or below,1198242.09%,42995,101,1/0/00,Personal Auto,suv,410,
OL72737,Oregon,F,high school or below,310278.95%,21235,79,1/0/00,Personal Auto,two-door car,244,
ZQ59828,California,M,high school or below,422263.12%,74585,106,1/0/00,Personal Auto,suv,218,
NZ15548,Oregon,M,bachelor,402381.44%,41833,103,1/0/00,Personal Auto,four-door car,643,
XK61304,California,F,college,529715.18%,23908,70,1/0/00,Personal Auto,four-door car,336,
EJ44139,Oregon,M,bachelor,2142363.72%,0,65,1/0/00,Personal Auto,two-door car,312,
CM94425,Arizona,M,bachelor,441620.62%,61953,113,1/0/00,Personal Auto,suv,497,
OV54878,California,M,bachelor,463903.52%,0,142,1/0/00,Corporate Auto,suv,1022,
JF57282,Nevada,M,bachelor,486354.46%,0,137,1/0/00,Personal Auto,suv,657,
MY37953,Arizona,F,bachelor,2583090.98%,73760,107,1/1/00,Personal Auto,Luxury,230,
XP64922,Oregon,F,college,297431.49%,23333,74,1/0/00,Corporate Auto,four-door car,5,
WL65572,California,M,college,206445.88%,0,61,1/0/00,Personal Auto,four-door car,292,
LN50325,Arizona,F,high school or below,1006460.83%,20440,128,1/2/00,Corporate Auto,Luxury,614,
HJ15383,Washington,M,master,803240.19%,27658,68,1/0/00,Personal Auto,four-door car,160,
KH59823,California,M,college,548921.41%,50943,139,1/0/00,Special Auto,suv,667,
YM79169,California,M,bachelor,261275.67%,19003,71,1/0/00,Personal Auto,two-door car,34,
DR38127,California,M,college,857346.39%,46703,108,1/0/00,Personal Auto,four-door car,678,
PU42145,California,M,bachelor,2412750.40%,14072,71,1/0/00,Personal Auto,four-door car,511,
KM33477,Oregon,M,college,855038.66%,21733,73,1/0/00,Corporate Auto,four-door car,525,
RI53167,Arizona,M,bachelor,230864.80%,20811,61,1/0/00,Personal Auto,four-door car,292,
OF77789,Arizona,F,high school or below,425462.07%,11904,61,1/2/00,Personal Auto,two-door car,292,
YB33445,Oregon,F,college,898285.04%,43490,114,1/4/00,Corporate Auto,suv,174,
BA17836,California,M,high school or below,786816.60%,57340,67,1/0/00,Corporate Auto,four-door car,159,
JS43228,California,M,college,770424.87%,49088,97,1/0/00,Corporate Auto,four-door car,698,
BB11622,Nevada,M,master,1055217.00%,47761,131,1/0/00,Personal Auto,suv,232,
HQ70429,Washington,F,college,1604510.95%,0,65,1/0/00,Personal Auto,two-door car,163,
WK88044,Arizona,M,bachelor,873783.75%,61281,110,1/0/00,Personal Auto,suv,79,
LA80525,Nevada,M,bachelor,545489.07%,0,82,1/1/00,Corporate Auto,two-door car,393,
EH16250,Arizona,M,bachelor,770528.33%,25290,66,1/0/00,Personal Auto,four-door car,382,
PU41872,Arizona,F,high school or below,703926.24%,24239,88,1/0/00,Personal Auto,four-door car,48,
HB85743,California,M,bachelor,883808.56%,82664,114,1/3/00,Personal Auto,suv,133,
MM71959,Arizona,M,bachelor,873352.73%,83210,110,1/0/00,Personal Auto,Luxury,528,
MB83663,Oregon,F,bachelor,959747.48%,38736,81,1/0/00,Personal Auto,two-door car,561,
KR43119,California,M,college,450666.02%,0,66,1/0/00,Personal Auto,four-door car,316,
KH24214,Oregon,M,college,1785797.23%,55437,64,1/1/00,Personal Auto,four-door car,445,
AC40767,Washington,M,Bachelor,249780.82%,68041,6464,1/0/00,Personal Auto,two-door car,165,
HP55391,Oregon,M,master,542613.62%,0,71,1/0/00,Corporate Auto,four-door car,407,
EG62398,California,F,high school or below,799814.38%,29066,100,1/0/00,Personal Auto,suv,844,
VS19949,Nevada,M,bachelor,289762.07%,54337,72,1/0/00,Personal Auto,four-door car,345,
AM92343,Oregon,F,high school or below,1159950.22%,67616,96,1/0/00,Personal Auto,four-door car,340,
GI68556,California,F,bachelor,1514793.06%,41082,63,1/0/00,Personal Auto,two-door car,106,
JT11876,Washington,F,high school or below,543576.78%,0,10202,1/0/00,Personal Auto,four-door car,626,
XR64251,Nevada,F,master,272535.64%,36650,69,1/1/00,Personal Auto,four-door car,56,
MK34957,Oregon,F,college,1329771.23%,50631,112,1/4/00,Special Auto,suv,784,
GP18756,California,M,college,992704.97%,19592,92,1/0/00,Personal Auto,four-door car,441,
AP23850,Washington,F,high school or below,1777154.90%,0,114,1/0/00,Personal Auto,two-door car,547,
KQ65521,Arizona,F,college,1826927.02%,55761,115,1/0/00,Personal Auto,Luxury,86,
EJ19449,California,F,college,272221.07%,17576,71,1/0/00,Special Auto,four-door car,398,
QB70027,California,F,bachelor,708321.24%,41449,89,1/0/00,Personal Auto,four-door car,63,
QW47320,California,F,bachelor,1017971.70%,14290,271,1/0/00,Personal Auto,Luxury,1300,
KH64733,Nevada,F,college,588950.91%,62007,73,1/0/00,Personal Auto,four-door car,120,
ON59472,Arizona,M,high school or below,1577139.34%,21921,206,1/0/00,Corporate Auto,Luxury,1254,
HP94242,Arizona,F,bachelor,528817.33%,42621,66,1/0/00,Personal Auto,four-door car,316,
RV15398,Oregon,M,college,2758055.40%,0,87,1/1/00,Personal Auto,four-door car,417,
EA25683,Washington,M,high school or below,777853.23%,63786,196,1/0/00,Corporate Auto,Luxury,798,
PW73754,California,F,high school or below,734186.13%,0,104,1/3/00,Personal Auto,Luxury,82,
MC71942,California,F,high school or below,791919.70%,82877,99,1/1/00,Personal Auto,two-door car,22,
OX72195,Arizona,M,college,216387.02%,0,63,1/0/00,Corporate Auto,two-door car,302,
YQ99152,Nevada,M,high school or below,978780.88%,10475,88,1/1/00,Personal Auto,two-door car,422,
KI19439,Oregon,F,high school or below,520764.08%,21952,66,1/0/00,Personal Auto,four-door car,316,
PM76175,Oregon,F,bachelor,2114727.72%,49721,132,1/0/00,Corporate Auto,Luxury,639,
US45383,California,M,college,1228076.66%,88340,102,1/0/00,Personal Auto,two-door car,489,
GT38956,California,F,college,244139.42%,0,65,1/0/00,Personal Auto,four-door car,312,
SN41301,Oregon,M,bachelor,653556.06%,0,65,1/0/00,Corporate Auto,four-door car,468,
BE62503,Washington,F,college,920659.83%,24589,82,1/0/00,Personal Auto,two-door car,511,
PA16884,California,F,bachelor,411858.86%,69379,103,1/0/00,Personal Auto,two-door car,494,
NC58480,Nevada,F,bachelor,483820.90%,73769,61,1/2/00,Personal Auto,four-door car,239,
NS39326,California,F,college,462554.81%,66670,114,1/0/00,Personal Auto,suv,518,
PN18507,Arizona,M,bachelor,1404210.30%,88854,118,1/0/00,Personal Auto,two-door car,715,
EK91340,Oregon,M,bachelor,754661.35%,31266,193,1/0/00,Corporate Auto,Luxury,926,
JY16280,California,F,high school or below,251459.20%,43860,65,1/0/00,Personal Auto,four-door car,156,
ZW71731,California,M,bachelor,517035.84%,89284,133,1/2/00,Corporate Auto,suv,402,
ZC24631,Oregon,M,college,1391737.72%,67267,89,1/0/00,Corporate Auto,four-door car,94,
YR34689,California,F,high school or below,1131813.08%,79270,95,1/3/00,Personal Auto,four-door car,456,
RT65829,Oregon,M,bachelor,427636.36%,36692,109,1/1/00,Personal Auto,four-door car,523,
BZ12077,Oregon,F,high school or below,432224.03%,0,119,1/0/00,Personal Auto,suv,571,
WM65373,California,F,college,800230.83%,0,107,1/0/00,Corporate Auto,suv,513,
NH35059,Nevada,M,college,388545.64%,0,105,1/0/00,Corporate Auto,four-door car,504,
QD38160,Oregon,M,college,447177.82%,0,135,1/0/00,Personal Auto,suv,972,
BM15160,California,F,high school or below,849635.28%,44624,71,1/1/00,Special Auto,four-door car,73,
VY79030,Arizona,F,college,2250088.35%,0,71,1/0/00,Corporate Auto,four-door car,340,
EV19512,Nevada,F,master,1630196.76%,19614,85,1/0/00,Personal Auto,two-door car,574,
TE13577,Oregon,F,college,231973.59%,0,64,1/0/00,Personal Auto,four-door car,632,
WY97929,Arizona,M,college,871704.98%,83846,74,1/3/00,Special Auto,four-door car,355,
YG20683,Washington,M,college,286011.17%,51159,72,1/0/00,Personal Auto,four-door car,4,
FK75497,California,M,college,245340.83%,83772,62,1/0/00,Personal Auto,two-door car,42,
NE60110,Arizona,M,college,598977.39%,66839,154,1/0/00,Personal Auto,Luxury,739,
TN36521,Arizona,F,college,2498022.55%,88440,70,1/0/00,Personal Auto,two-door car,27,
HG33568,Arizona,F,master,748263.95%,25666,63,1/2/00,Personal Auto,four-door car,270,
TW17878,Oregon,F,high school or below,245757.60%,52926,61,1/0/00,Personal Auto,four-door car,292,
ZO83562,Nevada,F,bachelor,237974.12%,0,67,1/0/00,Personal Auto,four-door car,494,
CH97539,Washington,F,bachelor,828696.44%,40001,70,1/0/00,Personal Auto,four-door car,142,
CV29889,California,M,college,239391.54%,0,70,1/0/00,Personal Auto,four-door car,425,
MO33320,Oregon,M,college,465715.95%,18024,65,1/0/00,Personal Auto,two-door car,312,
QZ81258,Oregon,F,college,1319792.89%,0,68,1/3/00,Personal Auto,four-door car,326,
NY56352,Oregon,F,bachelor,280391.67%,23220,74,1/0/00,Personal Auto,four-door car,251,
EA27048,California,F,high school or below,864650.41%,64125,108,1/0/00,Personal Auto,suv,369,
UT38865,Oregon,F,college,742587.06%,58042,62,1/0/00,Corporate Auto,four-door car,161,
QC89139,Oregon,F,high school or below,452873.74%,90034,112,1/0/00,Corporate Auto,suv,537,
LA14484,Nevada,M,high school or below,222707.28%,27972,61,1/0/00,Special Auto,four-door car,292,
HN57556,California,F,high school or below,729294.88%,0,65,1/0/00,Personal Auto,four-door car,312,
CV31235,Arizona,M,bachelor,318435.52%,50989,80,1/0/00,Corporate Auto,four-door car,255,
WR45726,Arizona,F,bachelor,1131520.37%,11885,101,1/0/00,Special Auto,four-door car,484,
LB25094,California,F,bachelor,253070.51%,89451,63,1/0/00,Special Auto,four-door car,61,
KW56110,Oregon,M,bachelor,1836155.53%,0,182,1/0/00,Personal Auto,Luxury,1310,
XO36233,Washington,M,bachelor,864153.00%,78904,109,1/0/00,Personal Auto,suv,250,
ZX86243,Arizona,M,doctor,327853.19%,70247,83,1/1/00,Personal Auto,four-door car,141,
DW29763,Arizona,M,high school or below,527198.21%,32653,67,1/0/00,Personal Auto,two-door car,321,
CT83377,Washington,M,high school or below,376363.77%,93595,97,1/4/00,Special Auto,four-door car,49,
OQ90898,California,M,master,1395556.96%,90279,115,1/0/00,Personal Auto,suv,372,
GO77248,Oregon,F,college,500152.75%,0,72,1/0/00,Personal Auto,four-door car,542,
QW33258,California,M,bachelor,708283.04%,53310,189,1/3/00,Personal Auto,Luxury,1360,
OU79745,California,M,college,761948.28%,0,105,1/0/00,Personal Auto,four-door car,504,
VZ79886,Oregon,F,bachelor,1255088.20%,22234,160,1/0/00,Personal Auto,suv,768,
FI92440,Washington,F,high school or below,3219660.04%,91375,99,1/0/00,Personal Auto,two-door car,72,
YG85980,Nevada,F,high school or below,679377.41%,22250,86,1/0/00,Personal Auto,two-door car,720,
QM74621,Oregon,M,bachelor,527231.97%,0,80,1/0/00,Personal Auto,four-door car,576,
EI71732,Oregon,F,doctor,626534.33%,0,84,1/1/00,Personal Auto,four-door car,481,
VN79010,California,F,high school or below,854758.61%,51179,71,1/0/00,Corporate Auto,four-door car,466,
FI61723,California,M,bachelor,278742.37%,38667,72,1/0/00,Personal Auto,four-door car,159,
OH55411,California,F,master,462680.11%,79487,114,1/0/00,Corporate Auto,suv,547,
TF10720,Nevada,F,doctor,866336.40%,67763,107,1/2/00,Personal Auto,four-door car,41,
NW30838,Nevada,M,high school or below,387222.22%,0,62,1/2/00,Corporate Auto,four-door car,503,
CB58476,Oregon,F,college,517081.15%,0,71,1/0/00,Corporate Auto,four-door car,859,
WI69346,California,F,master,896028.02%,71943,112,1/0/00,Corporate Auto,suv,305,
FS76657,Oregon,F,college,547183.43%,53526,68,1/0/00,Personal Auto,four-door car,278,
YX89016,Oregon,M,college,3493100.17%,35005,295,1/0/00,Personal Auto,Luxury,1416,
PK28821,California,M,college,262039.23%,24721,67,1/0/00,Personal Auto,four-door car,139,
MB51200,Washington,M,college,1906949.95%,0,102,1/2/00,Personal Auto,four-door car,734,
XG44587,Arizona,M,master,575744.23%,88997,72,1/0/00,Personal Auto,four-door car,174,
FG91922,Arizona,M,master,4022401.36%,48587,111,1/0/00,Personal Auto,suv,532,
OM99303,Arizona,F,high school or below,270148.83%,76310,67,1/0/00,Personal Auto,two-door car,321,
RV67546,California,M,bachelor,371243.05%,73205,92,1/0/00,Personal Auto,four-door car,37,
UJ79253,Oregon,F,college,2185084.00%,51056,78,1/0/00,Personal Auto,four-door car,95,
PN98247,California,M,college,784016.58%,58414,210,1/2/00,Personal Auto,Luxury,1008,
IB67546,California,F,bachelor,823703.79%,23940,107,1/0/00,Personal Auto,suv,513,
OE19087,California,F,high school or below,224347.39%,0,62,1/0/00,Personal Auto,four-door car,446,
CM95716,California,M,bachelor,843446.41%,44216,71,1/0/00,Personal Auto,four-door car,72,
MW62634,California,M,high school or below,222707.28%,27972,61,1/0/00,Corporate Auto,four-door car,292,
QW67581,Arizona,F,high school or below,517002.60%,0,69,1/0/00,Personal Auto,four-door car,331,
SN16059,California,F,master,264144.61%,29305,66,1/0/00,Personal Auto,four-door car,475,
OE51254,California,F,college,279068.30%,53882,69,1/0/00,Personal Auto,four-door car,331,
RM42344,Oregon,M,college,274512.98%,91757,69,1/1/00,Personal Auto,four-door car,331,
GB35238,California,F,bachelor,757953.27%,33906,64,1/0/00,Personal Auto,two-door car,401,
ML82674,Oregon,M,bachelor,1097878.03%,68158,139,1/1/00,Personal Auto,suv,253,
EI85244,California,M,college,825506.01%,0,134,1/3/00,Personal Auto,suv,643,
DE28132,Oregon,M,college,474773.46%,42165,123,1/0/00,Corporate Auto,suv,799,
TV25678,Washington,M,college,354090.43%,0,101,1/0/00,Personal Auto,suv,727,
TY26512,California,M,doctor,343613.43%,30817,88,1/0/00,Personal Auto,four-door car,91,
OB69153,California,M,bachelor,258218.53%,68074,65,1/0/00,Personal Auto,four-door car,27,
QZ77637,Washington,F,college,1166509.78%,84978,35353,1/1/00,Corporate Auto,four-door car,166,
XN41715,California,F,master,739628.37%,71135,92,1/1/00,Personal Auto,four-door car,270,
QR15857,California,F,college,433079.98%,0,61,1/0/00,Personal Auto,two-door car,292,
FL69363,Oregon,M,master,907576.82%,37722,116,1/0/00,Personal Auto,Luxury,158,
IS30295,Arizona,F,bachelor,1463545.16%,0,139,1/0/00,Personal Auto,suv,667,
WA25797,Washington,M,high school or below,856476.82%,95697,107,1/0/00,Personal Auto,Luxury,178,
NL59519,California,F,college,1156568.75%,64642,96,1/0/00,Personal Auto,four-door car,404,
ZU93025,Oregon,F,college,277104.50%,50071,71,1/0/00,Personal Auto,two-door car,18,
DK94262,Oregon,M,high school or below,850712.88%,46754,106,1/1/00,Personal Auto,suv,513,
UQ30615,California,M,college,758211.38%,64801,64,1/0/00,Corporate Auto,four-door car,268,
OR40060,Arizona,M,bachelor,332309.25%,70410,83,1/0/00,Personal Auto,four-door car,131,
DK32872,Nevada,F,high school or below,523433.17%,66957,131,1/1/00,Personal Auto,suv,628,
FA46418,Nevada,F,high school or below,2470959.96%,24213,78,1/1/00,Personal Auto,four-door car,374,
ER19995,Washington,F,college,1778627.78%,99790,6464,1/0/00,Personal Auto,four-door car,178,
KI75855,Oregon,M,master,255122.67%,79751,63,1/0/00,Personal Auto,two-door car,392,
ND41876,Arizona,M,high school or below,724771.37%,86122,182,1/1/00,Personal Auto,Luxury,873,
PN21042,Arizona,M,bachelor,453884.78%,82297,116,1/0/00,Personal Auto,Luxury,0,
GJ43254,Washington,M,college,3164210.46%,89057,98,1/0/00,Corporate Auto,two-door car,187,
AL46984,California,M,high school or below,873042.20%,43259,73,1/0/00,Personal Auto,four-door car,350,
JP58047,Oregon,M,college,833273.06%,0,79,1/0/00,Personal Auto,four-door car,379,
ZE85014,California,M,college,235774.70%,25064,62,1/0/00,Personal Auto,four-door car,297,
KU88219,Arizona,M,master,463716.40%,25816,119,1/0/00,Personal Auto,Luxury,571,
UU98729,California,M,bachelor,535719.27%,0,73,1/0/00,Personal Auto,four-door car,350,
WS82822,Oregon,F,college,539197.10%,41662,69,1/0/00,Corporate Auto,four-door car,217,
YB49933,Arizona,M,bachelor,369414.05%,96170,92,1/0/00,Personal Auto,four-door car,441,
XC16387,Arizona,F,high school or below,504041.24%,46072,64,1/0/00,Personal Auto,four-door car,25,
XJ96748,Arizona,F,high school or below,2749542.19%,37931,99,1/0/00,Personal Auto,four-door car,475,
TM98684,Oregon,M,high school or below,484228.50%,35127,62,1/0/00,Personal Auto,four-door car,297,
AY18433,Washington,F,high school or below,2738281.89%,45473,76,1/0/00,Special Auto,two-door car,188,
DM74502,Nevada,F,college,522710.19%,93087,131,1/3/00,Corporate Auto,Luxury,628,
FT56968,Arizona,M,high school or below,259009.60%,22398,67,1/2/00,Personal Auto,four-door car,321,
OX36896,California,M,high school or below,1053607.80%,92983,87,1/1/00,Corporate Auto,four-door car,153,
BZ65376,Arizona,M,bachelor,858127.87%,27689,239,1/2/00,Personal Auto,Luxury,2893,
LN34660,California,F,college,946311.33%,69654,118,1/0/00,Corporate Auto,suv,629,
JC29295,California,F,bachelor,1344100.64%,80744,111,1/0/00,Personal Auto,suv,361,
KJ87930,California,F,bachelor,388650.48%,0,112,1/0/00,Corporate Auto,suv,1185,
XT36360,Arizona,F,high school or below,678489.37%,0,64,1/1/00,Personal Auto,four-door car,460,
IX35050,Arizona,M,bachelor,2359468.02%,76358,66,1/0/00,Special Auto,four-door car,86,
UN97379,Oregon,M,bachelor,253862.63%,18608,71,1/0/00,Corporate Auto,four-door car,340,
MR57294,California,M,high school or below,563994.20%,73168,70,1/0/00,Personal Auto,four-door car,425,
UG79499,Washington,M,bachelor,1168137.43%,70930,99,1/0/00,Personal Auto,four-door car,190,
UA50747,Washington,F,high school or below,2599775.00%,62262,72,1/0/00,Corporate Auto,four-door car,193,
GL20444,Nevada,F,master,1377836.93%,91474,113,1/0/00,Corporate Auto,two-door car,24,
SP58110,California,F,bachelor,492318.17%,61469,63,1/5/00,Personal Auto,four-door car,302,
XM91635,Arizona,F,high school or below,227233.54%,16618,62,1/0/00,Special Auto,four-door car,219,
TV82603,California,F,bachelor,1489539.80%,48081,188,1/0/00,Personal Auto,Luxury,881,
BB82067,Oregon,M,doctor,975604.50%,67632,121,1/0/00,Personal Auto,Luxury,26,
JP94676,Oregon,F,bachelor,942297.41%,34115,119,1/0/00,Personal Auto,suv,466,
VU53417,Arizona,M,high school or below,383735.76%,23051,99,1/0/00,Personal Auto,two-door car,475,
IW54795,California,M,college,1095213.19%,23748,99,1/0/00,Personal Auto,four-door car,607,
RN78170,Arizona,F,college,815913.66%,40589,69,1/0/00,Corporate Auto,four-door car,331,
IX55883,California,F,college,1948049.98%,50809,83,1/0/00,Personal Auto,four-door car,290,
XM72420,Arizona,F,high school or below,391936.67%,66676,97,1/0/00,Personal Auto,four-door car,558,
GC15104,Nevada,F,bachelor,798514.21%,52339,70,1/3/00,Corporate Auto,four-door car,336,
RX13282,Oregon,M,bachelor,1216874.49%,14973,115,1/0/00,Personal Auto,suv,828,
QA85890,Arizona,F,high school or below,584932.15%,0,83,1/0/00,Corporate Auto,four-door car,540,
IR62668,Arizona,F,bachelor,508583.66%,31546,65,1/0/00,Personal Auto,four-door car,100,
AL96740,California,F,college,290393.98%,67763,73,1/1/00,Personal Auto,four-door car,59,
SS48498,Washington,F,college,627317.34%,20836,79,1/0/00,Corporate Auto,four-door car,193,
PE39479,Washington,M,college,1832141.90%,88592,76,1/0/00,Corporate Auto,four-door car,199,
JH62891,Oregon,F,college,517870.42%,66943,65,1/1/00,Special Auto,four-door car,53,
FI20423,Arizona,F,high school or below,1402435.84%,81872,115,1/0/00,Special Auto,four-door car,256,
PM13394,Washington,F,college,530943.59%,22404,70,1/1/00,Personal Auto,four-door car,211,
YV67971,California,F,high school or below,494980.38%,21342,62,1/0/00,Personal Auto,four-door car,74,
QD31377,California,M,bachelor,859566.53%,34621,108,1/1/00,Corporate Auto,suv,621,
YG10247,Oregon,M,college,2295189.20%,62396,64,1/0/00,Personal Auto,four-door car,307,
FE73696,Oregon,M,high school or below,379213.03%,97212,93,1/0/00,Personal Auto,two-door car,360,
SW19699,Arizona,F,bachelor,275574.80%,49648,70,1/0/00,Personal Auto,four-door car,65,
QJ40732,Arizona,M,college,488033.96%,97984,61,1/1/00,Personal Auto,four-door car,407,
HM76207,California,F,college,905190.53%,26308,114,1/0/00,Corporate Auto,suv,547,
NT59303,Oregon,F,college,1011544.62%,63528,256,1/0/00,Personal Auto,Luxury,1228,
PU41393,Nevada,M,college,826907.54%,20225,114,1/1/00,Special Auto,suv,547,
QO86948,Nevada,M,high school or below,807165.30%,0,112,1/0/00,Personal Auto,suv,806,
QN10888,Oregon,F,high school or below,772699.36%,87620,64,1/0/00,Personal Auto,four-door car,24,
VY19543,California,F,bachelor,831113.59%,0,72,1/0/00,Corporate Auto,four-door car,311,
XC15133,Nevada,F,master,257402.04%,34990,65,1/0/00,Personal Auto,four-door car,42,
ST43550,Oregon,M,bachelor,572732.71%,99934,71,1/0/00,Special Auto,four-door car,460,
FX36546,Washington,M,master,367914.21%,60804,92,1/0/00,Personal Auto,four-door car,213,
JX68983,Oregon,M,bachelor,274451.96%,94648,69,1/0/00,Personal Auto,four-door car,331,
HX78576,California,F,high school or below,563674.03%,24516,71,1/0/00,Personal Auto,four-door car,300,
ZQ11381,Arizona,M,bachelor,1687038.82%,61063,85,1/0/00,Personal Auto,four-door car,262,
ON39271,California,M,master,273800.20%,0,74,1/0/00,Personal Auto,two-door car,263,
SB18278,Oregon,M,bachelor,464470.05%,0,64,1/0/00,Corporate Auto,four-door car,307,
ZT30559,California,F,high school or below,474668.65%,15169,63,1/0/00,Personal Auto,four-door car,302,
XI41106,Arizona,M,college,1687432.82%,55390,71,1/0/00,Corporate Auto,two-door car,256,
ZS88847,Oregon,F,bachelor,238760.61%,27592,62,1/0/00,Personal Auto,four-door car,297,
RU49126,Washington,F,college,446533.57%,61846,112,1/0/00,Personal Auto,suv,215,
KR62797,Arizona,F,high school or below,459162.59%,83297,113,1/0/00,Personal Auto,suv,542,
ZJ73220,Arizona,F,college,1309258.58%,0,188,1/0/00,Special Auto,Luxury,1353,
FY62633,Oregon,M,bachelor,911226.66%,0,90,1/0/00,Personal Auto,four-door car,432,
CU36986,California,F,high school or below,416516.66%,55897,104,1/0/00,Personal Auto,four-door car,499,
WZ53904,Arizona,M,bachelor,265998.06%,21297,71,1/0/00,Personal Auto,four-door car,45,
AA71604,Arizona,F,master,1198659.21%,87560,98,1/1/00,Personal Auto,two-door car,470,
TD10493,Oregon,F,high school or below,289873.27%,0,96,1/4/00,Personal Auto,four-door car,691,
LY97989,Oregon,F,bachelor,289424.39%,0,85,1/0/00,Personal Auto,four-door car,408,
VX39856,Arizona,F,doctor,350045.44%,89398,86,1/0/00,Personal Auto,four-door car,82,
TP51897,California,F,college,262180.86%,36843,68,1/3/00,Corporate Auto,four-door car,357,
QQ89253,Oregon,F,college,1022180.50%,0,134,1/0/00,Personal Auto,suv,643,
EI91403,California,M,high school or below,257827.10%,34946,65,1/0/00,Personal Auto,two-door car,420,
QG15435,Arizona,F,college,624259.57%,75680,78,1/0/00,Personal Auto,four-door car,136,
FZ55002,Nevada,F,doctor,522028.10%,0,69,1/0/00,Personal Auto,four-door car,331,
HX77930,Washington,F,college,313643.21%,49532,79,1/1/00,Personal Auto,four-door car,220,
UN37063,Arizona,M,bachelor,452536.58%,10269,65,1/0/00,Personal Auto,two-door car,170,
VB87946,California,M,college,497035.73%,49714,63,1/3/00,Personal Auto,four-door car,266,
AB60627,California,M,high school or below,1546778.90%,77517,129,1/0/00,Corporate Auto,suv,98,
TA34903,Oregon,M,high school or below,583889.92%,81082,73,1/0/00,Personal Auto,four-door car,281,
AQ51368,Oregon,F,bachelor,1065688.20%,72540,88,1/0/00,Corporate Auto,two-door car,631,
NZ26102,Oregon,F,high school or below,228961.87%,0,65,1/0/00,Personal Auto,four-door car,468,
GB45753,California,M,high school or below,543980.42%,61546,68,1/0/00,Corporate Auto,two-door car,29,
BV79904,California,F,master,795615.01%,44818,67,1/1/00,Personal Auto,two-door car,136,
OB49075,Arizona,M,bachelor,445811.34%,17622,65,1/1/00,Personal Auto,four-door car,312,
DS97676,Oregon,F,college,255505.15%,0,72,1/0/00,Personal Auto,four-door car,518,
JO63462,California,M,bachelor,330799.90%,79797,84,1/0/00,Corporate Auto,two-door car,31,
NJ10602,Washington,F,college,845905.32%,92717,70,1/0/00,Personal Auto,two-door car,224,
RS24501,Oregon,F,college,1335012.09%,28919,173,1/0/00,Personal Auto,suv,830,
VT78274,Arizona,M,college,493122.13%,0,68,1/0/00,Personal Auto,four-door car,480,
SU56153,Nevada,M,bachelor,777683.52%,63568,65,1/0/00,Corporate Auto,two-door car,390,
MN20737,Nevada,F,college,255367.22%,73935,64,1/1/00,Corporate Auto,four-door car,72,
KL43114,Arizona,F,high school or below,487646.97%,0,66,1/0/00,Corporate Auto,two-door car,316,
YQ15567,Oregon,F,bachelor,903430.58%,18846,115,1/0/00,Personal Auto,suv,552,
TR88637,Arizona,F,high school or below,810591.08%,38893,103,1/0/00,Personal Auto,suv,41,
TC88986,Oregon,M,high school or below,561968.91%,0,153,1/0/00,Special Auto,suv,1027,
XX88577,California,M,bachelor,1572713.06%,84824,196,1/0/00,Corporate Auto,suv,319,
NE49052,California,F,high school or below,661801.64%,20068,86,1/0/00,Corporate Auto,four-door car,411,
KX17826,Oregon,M,doctor,467004.80%,0,125,1/0/00,Corporate Auto,suv,600,
CC91503,Arizona,F,high school or below,1016936.98%,0,135,1/0/00,Personal Auto,Luxury,648,
WH32183,California,M,bachelor,832307.40%,97245,70,1/0/00,Personal Auto,four-door car,4,
ES90681,California,F,college,241776.00%,51808,61,1/1/00,Personal Auto,four-door car,351,
DW96592,California,M,bachelor,804487.24%,71391,67,1/0/00,Personal Auto,four-door car,284,
MT23134,Oregon,M,high school or below,532572.45%,0,73,1/0/00,Personal Auto,two-door car,496,
BM69081,Arizona,M,bachelor,694752.40%,0,100,1/0/00,Personal Auto,suv,925,
MB90871,Oregon,F,college,584741.52%,23496,77,1/0/00,Special Auto,four-door car,13,
GT62080,Washington,M,high school or below,251459.20%,55561,63,1/0/00,Personal Auto,four-door car,227,
QL77686,Nevada,F,college,472478.61%,23986,119,1/0/00,Corporate Auto,suv,463,
ON77827,Arizona,F,master,279022.80%,22974,71,1/0/00,Personal Auto,four-door car,180,
KP18988,Oregon,F,high school or below,2153133.28%,0,101,1/0/00,Personal Auto,four-door car,484,
TI92884,Arizona,M,bachelor,1262283.27%,61844,106,1/0/00,Personal Auto,Luxury,508,
JH73503,Arizona,M,doctor,2017196.15%,24804,73,1/0/00,Personal Auto,two-door car,350,
YE97964,California,F,bachelor,1646436.59%,27760,104,1/0/00,Personal Auto,suv,302,
VA30351,Oregon,F,high school or below,559538.99%,74454,71,1/0/00,Personal Auto,four-door car,340,
PV55726,Oregon,F,master,417068.73%,29462,107,1/1/00,Personal Auto,suv,513,
UC88305,Arizona,F,college,266544.71%,52266,68,1/0/00,Corporate Auto,two-door car,141,
TS53809,Oregon,M,bachelor,709891.41%,0,70,1/0/00,Personal Auto,two-door car,349,
ZV32120,California,M,doctor,397134.51%,23599,103,1/0/00,Corporate Auto,suv,494,
FB80807,Oregon,M,bachelor,552821.28%,36088,72,1/0/00,Personal Auto,four-door car,345,
AS55677,California,F,high school or below,833899.58%,70534,104,1/0/00,Personal Auto,four-door car,54,
WA15684,Oregon,M,college,3844585.59%,27398,125,1/1/00,Personal Auto,suv,600,
SA50567,Nevada,M,bachelor,544855.52%,85296,68,1/0/00,Personal Auto,four-door car,342,
KJ31611,Arizona,M,high school or below,1080806.60%,31063,92,1/0/00,Personal Auto,four-door car,441,
VL37375,California,M,bachelor,618509.65%,0,92,1/0/00,Personal Auto,two-door car,1027,
KN21017,Nevada,M,high school or below,320822.59%,52367,81,1/0/00,Personal Auto,four-door car,275,
PX44289,Arizona,M,college,548010.41%,58651,71,1/0/00,Personal Auto,four-door car,472,
AM97901,Nevada,F,college,2298615.39%,84831,192,1/0/00,Special Auto,Luxury,1336,
RE42925,Oregon,M,bachelor,1310792.59%,49088,114,1/1/00,Corporate Auto,suv,547,
TR81766,California,F,college,746292.63%,70263,93,1/0/00,Corporate Auto,two-door car,7,
CH85057,Oregon,F,doctor,1146399.10%,45354,285,1/0/00,Personal Auto,Luxury,540,
UP71482,Arizona,M,high school or below,723613.25%,0,63,1/0/00,Personal Auto,four-door car,383,
EG40670,California,F,bachelor,623268.79%,28334,83,1/0/00,Special Auto,four-door car,537,
HV83672,Oregon,F,bachelor,2839332.99%,38772,90,1/0/00,Personal Auto,four-door car,321,
MG10140,Oregon,F,college,374675.16%,41479,94,1/1/00,Personal Auto,two-door car,19,
TC44716,California,M,bachelor,2156933.73%,23909,119,1/0/00,Personal Auto,suv,571,
QO65264,California,M,college,501208.37%,48328,63,1/0/00,Personal Auto,two-door car,108,
EB66698,California,M,high school or below,337185.84%,86689,85,1/0/00,Corporate Auto,two-door car,408,
OT52034,California,M,bachelor,386477.68%,24204,99,1/1/00,Personal Auto,four-door car,707,
CH85444,Oregon,M,college,414571.19%,25943,110,1/0/00,Corporate Auto,two-door car,1067,
PU85769,California,M,high school or below,515607.27%,0,73,1/0/00,Personal Auto,four-door car,807,
UI73201,California,M,college,366737.50%,62375,92,1/0/00,Personal Auto,two-door car,618,
SL50592,California,F,high school or below,783568.35%,0,71,1/0/00,Corporate Auto,four-door car,404,
XP11075,Arizona,M,bachelor,1456726.84%,0,148,1/0/00,Personal Auto,suv,710,
SI31236,Oregon,M,bachelor,1017133.90%,70200,65,1/0/00,Corporate Auto,four-door car,312,
JN26745,Nevada,F,bachelor,413577.52%,0,112,1/0/00,Special Auto,four-door car,707,
VK48036,Oregon,F,college,551149.11%,79027,70,1/0/00,Corporate Auto,four-door car,336,
JX76668,Washington,F,high school or below,1131424.39%,62935,141,1/0/00,Personal Auto,Luxury,232,
DS45802,California,F,high school or below,541461.73%,26893,68,1/0/00,Personal Auto,four-door car,68,
OA96690,Oregon,F,high school or below,742159.35%,47406,94,1/1/00,Personal Auto,four-door car,287,
EM27919,California,M,bachelor,445811.34%,17622,65,1/1/00,Personal Auto,four-door car,312,
QO41043,Oregon,F,college,1447612.49%,27572,124,1/0/00,Corporate Auto,suv,595,
OV50124,Oregon,F,college,493688.84%,0,72,1/2/00,Personal Auto,two-door car,391,
PR31642,Oregon,F,bachelor,452527.65%,32802,114,1/0/00,Personal Auto,suv,547,
BU41599,Washington,F,master,558176.13%,62739,70,1/0/00,Personal Auto,two-door car,239,
TK30357,California,F,bachelor,1413434.74%,90844,118,1/0/00,Personal Auto,suv,232,
NF31087,Nevada,F,high school or below,2472318.31%,44685,69,1/0/00,Personal Auto,four-door car,331,
NH16984,California,F,bachelor,283806.78%,0,80,1/0/00,Personal Auto,four-door car,336,
OS75493,California,F,high school or below,384848.36%,42589,98,1/0/00,Corporate Auto,four-door car,470,
VT63298,Oregon,M,bachelor,1950447.39%,0,72,1/0/00,Personal Auto,four-door car,345,
QS75550,Washington,F,Bachelor,248004.59%,93383,62,1/0/00,Corporate Auto,two-door car,244,
SZ16483,Arizona,F,high school or below,436137.29%,79583,109,1/2/00,Personal Auto,four-door car,523,
VM92311,Arizona,F,high school or below,252907.75%,89129,64,1/0/00,Personal Auto,four-door car,328,
NJ46849,Arizona,M,college,250444.48%,0,69,1/0/00,Personal Auto,four-door car,496,
WZ31900,Oregon,F,bachelor,864970.06%,94389,107,1/0/00,Corporate Auto,suv,85,
RG30482,Oregon,F,college,1366835.53%,0,197,1/0/00,Personal Auto,suv,1418,
ZM86949,Oregon,F,high school or below,2063508.46%,84106,64,1/0/00,Personal Auto,two-door car,334,
QQ39596,Arizona,F,college,251753.36%,0,69,1/0/00,Personal Auto,four-door car,42,
FH51383,California,F,high school or below,532667.77%,76717,66,1/0/00,Personal Auto,two-door car,300,
BJ53923,Arizona,M,high school or below,260027.21%,51978,66,1/0/00,Corporate Auto,four-door car,144,
CZ96653,Oregon,F,bachelor,853479.28%,47325,107,1/0/00,Personal Auto,suv,64,
FB23788,Oregon,M,high school or below,882883.50%,86721,111,1/0/00,Corporate Auto,suv,532,
NT43594,Nevada,F,bachelor,224844.96%,24910,63,1/1/00,Personal Auto,four-door car,347,
RJ85627,Washington,F,bachelor,1230276.24%,43817,62,1/1/00,Personal Auto,four-door car,245,
KJ86296,Oregon,M,high school or below,455659.30%,0,73,1/2/00,Personal Auto,four-door car,525,
PI47776,Oregon,F,bachelor,253070.51%,89451,63,1/0/00,Corporate Auto,four-door car,61,
MD73554,California,M,college,525198.40%,59537,66,1/0/00,Personal Auto,two-door car,316,
UX92071,Oregon,M,high school or below,674311.93%,0,199,1/0/00,Personal Auto,Luxury,955,
YG44474,Oregon,M,college,1401472.13%,54193,117,1/0/00,Corporate Auto,suv,720,
UH45301,Oregon,M,college,943891.56%,86946,118,1/0/00,Personal Auto,four-door car,340,
RY92647,California,F,bachelor,1050677.17%,0,92,1/0/00,Personal Auto,four-door car,546,
IK12620,Arizona,F,high school or below,421391.86%,12160,109,1/0/00,Personal Auto,four-door car,489,
GQ66762,California,M,college,477368.64%,33701,63,1/0/00,Personal Auto,four-door car,171,
YT69858,Washington,F,bachelor,544142.01%,85702,67,1/0/00,Personal Auto,two-door car,249,
XD85577,California,M,bachelor,284226.69%,69417,73,1/1/00,Personal Auto,four-door car,30,
TM65736,Oregon,M,master,305955.03%,38644,78,1/1/00,Personal Auto,four-door car,361,
VJ51327,California,F,high school or below,2031499.76%,63209,102,1/2/00,Personal Auto,suv,207,
GS98873,Arizona,F,bachelor,323912.47%,16061,88,1/0/00,Personal Auto,four-door car,633,
CW49887,California,F,master,462680.11%,79487,114,1/0/00,Special Auto,suv,547,
MY31220,California,F,college,899704.02%,54230,112,1/0/00,Personal Auto,two-door car,537,
AA71604,California,F,bachelor,251459.20%,39295,193,1/0/00,Personal Auto,four-door car,404,
